timestamp,page,user_id,duree_sec,device,status_code,referrer
2024-06-01 00:04:15,/contact,user_10,2.3,Tablet,404,Direct
2024-06-01 00:14:53,/panier,user_88,78.2,Mobile,500,Google
2024-06-01 00:41:40,/blog/article,user_56,111.4,Desktop,200,Direct
2024-06-01 00:44:51,/,user_129,94.9,Desktop,200,Google
2024-06-01 01:25:13,/,user_91,43.0,Mobile,200,LinkedIn
2024-06-01 01:45:23,/blog/article,user_101,15.4,Desktop,200,Email
2024-06-01 01:50:50,/blog,user_278,22.9,Desktop,200,Autre
2024-06-01 02:13:35,/compte,user_284,116.5,Mobile,200,LinkedIn
2024-06-01 02:19:14,/compte,user_133,34.0,Tablet,200,Direct
2024-06-01 02:27:40,/,user_33,21.9,Mobile,404,Email
2024-06-01 02:28:57,/,user_3,9.9,Desktop,200,Twitter
2024-06-01 02:32:32,/aide,user_58,97.2,Mobile,404,Autre
2024-06-01 03:11:21,/produits,user_248,156.7,Mobile,200,Direct
2024-06-01 03:14:58,/aide,user_254,63.0,Tablet,200,Direct
2024-06-01 03:16:58,/api/search,user_108,79.7,Mobile,200,Email
2024-06-01 03:21:44,/api/search,user_30,70.9,Desktop,200,Autre
2024-06-01 03:31:35,/compte,user_128,55.4,Mobile,301,Autre
2024-06-01 03:37:11,/produits,user_95,54.2,Mobile,500,LinkedIn
2024-06-01 03:45:24,/checkout,user_141,5.6,Mobile,500,Twitter
2024-06-01 03:52:39,/panier,user_34,71.2,Mobile,200,Direct
2024-06-01 04:02:05,/blog,user_71,41.1,Mobile,200,LinkedIn
2024-06-01 06:09:33,/api/search,user_268,38.7,Mobile,200,Email
2024-06-01 06:29:21,/compte,user_175,33.2,Desktop,404,Twitter
2024-06-01 06:44:40,/,user_215,120.8,Tablet,200,Email
2024-06-01 07:19:36,/blog,user_132,23.5,Desktop,200,Autre
2024-06-01 07:24:21,/blog,user_111,98.3,Mobile,200,Google
2024-06-01 07:24:58,/produits/detail,user_188,188.4,Mobile,200,Facebook
2024-06-01 07:35:35,/compte,user_261,8.0,Desktop,200,Autre
2024-06-01 07:38:36,/produits/detail,user_126,1.9,Desktop,301,LinkedIn
2024-06-01 07:53:37,/contact,user_28,20.0,Mobile,200,Autre
2024-06-01 08:06:18,/compte,user_133,75.4,Desktop,500,Email
2024-06-01 09:20:14,/contact,user_280,0.5,Mobile,200,Twitter
2024-06-01 09:27:16,/produits,user_267,13.7,Desktop,200,Direct
2024-06-01 10:11:07,/contact,user_168,7.3,Tablet,200,Email
2024-06-01 10:37:32,/produits/detail,user_184,88.8,Mobile,200,Facebook
2024-06-01 10:44:53,/api/search,user_185,72.5,Mobile,301,Facebook
2024-06-01 10:48:17,/produits/detail,user_266,53.4,Desktop,200,Google
2024-06-01 11:50:16,/,user_155,25.5,Desktop,200,Email
2024-06-01 11:54:21,/checkout,user_55,41.3,Mobile,200,Autre
2024-06-01 12:09:43,/panier,user_192,94.4,Desktop,200,Facebook
2024-06-01 12:28:24,/blog,user_219,29.3,Desktop,301,Autre
2024-06-01 12:33:35,/,user_150,10.5,Mobile,404,Autre
2024-06-01 12:42:56,/checkout,user_134,15.8,Desktop,200,LinkedIn
2024-06-01 13:03:46,/checkout,user_1,21.6,Desktop,200,Google
2024-06-01 13:26:17,/blog/article,user_89,1.2,Desktop,200,Email
2024-06-01 14:06:52,/produits/detail,user_100,9.7,Desktop,200,Email
2024-06-01 14:48:39,/produits,user_87,12.7,Mobile,200,Google
2024-06-01 15:08:22,/contact,user_140,14.5,Desktop,500,Email
2024-06-01 15:52:06,/checkout,user_229,57.0,Desktop,200,Autre
2024-06-01 16:27:43,/panier,user_141,109.1,Desktop,404,Twitter
2024-06-01 17:04:50,/produits,user_136,25.4,Desktop,200,Google
2024-06-01 17:07:04,/checkout,user_41,0.5,Mobile,301,Direct
2024-06-01 17:10:31,/blog/article,user_78,39.9,Desktop,404,Direct
2024-06-01 17:16:41,/blog,user_99,39.1,Tablet,200,Autre
2024-06-01 17:21:29,/panier,user_30,6.1,Desktop,200,Facebook
2024-06-01 17:22:12,/produits,user_255,58.7,Desktop,200,Direct
2024-06-01 18:01:27,/compte,user_118,4.8,Desktop,200,Email
2024-06-01 18:42:26,/contact,user_137,7.3,Tablet,200,Facebook
2024-06-01 18:46:44,/api/search,user_181,2.1,Mobile,200,Facebook
2024-06-01 18:53:51,/,user_152,9.2,Desktop,200,Google
2024-06-01 19:22:57,/produits/detail,user_201,53.6,Desktop,404,Twitter
2024-06-01 19:58:34,/panier,user_249,193.7,Desktop,200,Google
2024-06-01 20:07:01,/blog,user_5,152.0,Desktop,500,LinkedIn
2024-06-01 20:15:42,/contact,user_149,33.5,Mobile,200,Autre
2024-06-01 20:16:07,/,user_151,43.5,Desktop,200,Twitter
2024-06-01 20:46:50,/api/search,user_295,109.2,Tablet,200,Direct
2024-06-01 21:03:19,/,user_274,59.1,Mobile,500,Twitter
2024-06-01 21:04:32,/compte,user_116,28.6,Mobile,200,Email
2024-06-01 21:10:15,/panier,user_134,49.2,Mobile,200,Facebook
2024-06-01 21:34:45,/checkout,user_258,31.1,Mobile,301,Google
2024-06-01 23:20:02,/panier,user_208,66.6,Desktop,500,Google
2024-06-02 00:30:55,/api/search,user_228,0.6,Mobile,404,Facebook
2024-06-02 00:45:46,/compte,user_122,22.7,Desktop,404,Autre
2024-06-02 01:27:33,/produits/detail,user_35,54.1,Mobile,301,Autre
2024-06-02 01:33:04,/produits/detail,user_185,14.7,Tablet,200,Email
2024-06-02 02:24:19,/contact,user_294,8.2,Mobile,200,Email
2024-06-02 02:44:36,/blog/article,user_300,11.2,Desktop,404,Direct
2024-06-02 02:45:04,/blog/article,user_243,46.0,Desktop,500,Autre
2024-06-02 03:01:44,/aide,user_208,67.0,Desktop,301,Autre
2024-06-02 03:06:16,/api/search,user_44,16.6,Desktop,200,Autre
2024-06-02 03:24:53,/blog/article,user_137,19.9,Desktop,200,Email
2024-06-02 03:43:15,/aide,user_190,17.0,Tablet,200,LinkedIn
2024-06-02 03:59:48,/produits,user_156,14.6,Desktop,200,Google
2024-06-02 04:02:38,/compte,user_166,83.6,Mobile,200,Twitter
2024-06-02 04:43:36,/blog/article,user_228,117.2,Desktop,200,Email
2024-06-02 05:18:20,/produits,user_46,0.5,Desktop,500,LinkedIn
2024-06-02 05:35:32,/api/search,user_269,41.7,Tablet,200,Email
2024-06-02 05:36:33,/blog/article,user_65,166.2,Desktop,200,Google
2024-06-02 06:01:57,/compte,user_105,132.9,Desktop,404,LinkedIn
2024-06-02 06:33:13,/blog/article,user_21,35.0,Mobile,200,Facebook
2024-06-02 06:43:49,/contact,user_72,23.5,Mobile,200,Autre
2024-06-02 06:47:02,/aide,user_46,43.0,Mobile,200,Autre
2024-06-02 07:30:54,/aide,user_248,49.3,Mobile,200,Autre
2024-06-02 08:06:19,/api/search,user_53,4.7,Mobile,200,Google
2024-06-02 08:07:46,/contact,user_252,65.0,Desktop,200,Email
2024-06-02 08:36:36,/compte,user_137,28.3,Desktop,404,LinkedIn
2024-06-02 08:40:51,/panier,user_34,182.2,Desktop,200,LinkedIn
2024-06-02 08:53:49,/blog/article,user_228,9.0,Desktop,200,LinkedIn
2024-06-02 09:18:19,/blog,user_272,13.9,Desktop,200,Facebook
2024-06-02 09:34:08,/produits/detail,user_187,42.2,Desktop,301,Direct
2024-06-02 09:58:13,/compte,user_118,26.9,Mobile,200,Email
2024-06-02 10:08:44,/produits,user_206,42.5,Desktop,404,Google
2024-06-02 10:15:05,/contact,user_55,24.1,Desktop,200,Autre
2024-06-02 10:15:10,/checkout,user_256,104.0,Desktop,200,Twitter
2024-06-02 10:28:20,/produits/detail,user_212,185.9,Tablet,200,Google
2024-06-02 10:55:36,/,user_174,10.1,Desktop,200,Direct
2024-06-02 11:10:29,/api/search,user_10,32.7,Desktop,301,Twitter
2024-06-02 11:22:50,/blog,user_90,4.1,Desktop,200,Email
2024-06-02 11:58:28,/blog/article,user_297,9.0,Mobile,200,Direct
2024-06-02 12:01:02,/aide,user_34,54.9,Mobile,200,Autre
2024-06-02 12:52:13,/aide,user_107,41.7,Mobile,200,Twitter
2024-06-02 12:56:29,/,user_238,11.1,Mobile,200,Email
2024-06-02 13:26:31,/blog,user_182,51.1,Desktop,404,Email
2024-06-02 14:14:50,/blog,user_37,40.5,Mobile,200,Google
2024-06-02 14:34:17,/,user_14,52.8,Mobile,200,Google
2024-06-02 14:38:53,/contact,user_277,17.8,Desktop,404,Facebook
2024-06-02 14:43:35,/produits/detail,user_3,23.6,Desktop,200,Facebook
2024-06-02 15:19:41,/checkout,user_289,16.1,Desktop,200,Direct
2024-06-02 15:25:19,/compte,user_81,19.0,Desktop,200,Google
2024-06-02 15:30:33,/contact,user_118,35.2,Mobile,200,Twitter
2024-06-02 15:44:44,/panier,user_83,0.5,Desktop,500,Email
2024-06-02 15:52:20,/produits/detail,user_209,21.3,Desktop,200,Direct
2024-06-02 17:42:33,/api/search,user_226,115.8,Desktop,200,Twitter
2024-06-02 17:55:24,/api/search,user_139,18.4,Mobile,404,Email
2024-06-02 18:00:20,/api/search,user_116,19.6,Mobile,200,LinkedIn
2024-06-02 18:01:49,/,user_270,22.8,Desktop,500,Google
2024-06-02 18:17:05,/aide,user_187,11.7,Desktop,200,Google
2024-06-02 18:31:29,/aide,user_56,16.3,Mobile,500,Facebook
2024-06-02 18:31:52,/panier,user_127,110.8,Desktop,200,Direct
2024-06-02 19:01:40,/produits,user_25,36.3,Mobile,500,Direct
2024-06-02 19:35:43,/produits,user_227,42.0,Mobile,200,Direct
2024-06-02 19:38:42,/checkout,user_248,11.1,Mobile,200,LinkedIn
2024-06-02 20:28:58,/api/search,user_273,33.4,Desktop,404,LinkedIn
2024-06-02 20:38:28,/,user_64,103.5,Desktop,200,Autre
2024-06-02 20:46:27,/produits/detail,user_54,0.5,Mobile,200,Twitter
2024-06-02 21:49:56,/,user_119,2.3,Mobile,200,Twitter
2024-06-02 21:52:44,/produits/detail,user_196,29.2,Desktop,200,Twitter
2024-06-02 21:56:01,/blog,user_281,258.4,Desktop,500,Google
2024-06-02 22:32:36,/compte,user_143,28.1,Desktop,301,Facebook
2024-06-02 22:45:13,/panier,user_260,25.0,Desktop,200,Twitter
2024-06-02 23:06:48,/panier,user_9,16.2,Desktop,404,LinkedIn
2024-06-02 23:20:16,/,user_12,76.2,Tablet,200,LinkedIn
2024-06-02 23:44:07,/aide,user_131,28.3,Desktop,200,LinkedIn
2024-06-02 23:52:15,/aide,user_71,22.6,Tablet,200,Autre
2024-06-02 23:56:31,/compte,user_248,75.9,Desktop,200,Twitter
2024-06-03 00:04:02,/blog/article,user_242,47.9,Mobile,500,Direct
2024-06-03 00:37:54,/produits,user_19,11.5,Desktop,301,Email
2024-06-03 01:23:36,/,user_113,134.8,Mobile,200,Twitter
2024-06-03 01:28:09,/compte,user_195,31.8,Desktop,500,Google
2024-06-03 01:35:57,/blog/article,user_286,156.1,Desktop,200,Google
2024-06-03 02:56:12,/compte,user_180,99.5,Mobile,200,Direct
2024-06-03 03:01:57,/contact,user_61,2.7,Tablet,200,LinkedIn
2024-06-03 03:10:02,/checkout,user_141,159.5,Mobile,200,Autre
2024-06-03 03:16:59,/produits/detail,user_272,4.1,Mobile,404,Facebook
2024-06-03 03:26:03,/contact,user_26,13.6,Desktop,200,Email
2024-06-03 03:57:24,/blog/article,user_6,115.0,Mobile,200,Twitter
2024-06-03 04:20:46,/,user_82,49.2,Desktop,500,LinkedIn
2024-06-03 04:25:55,/checkout,user_220,28.9,Mobile,301,Google
2024-06-03 04:40:00,/produits/detail,user_101,9.9,Mobile,200,Email
2024-06-03 05:13:18,/produits/detail,user_62,19.5,Mobile,200,Autre
2024-06-03 05:44:03,/panier,user_120,42.9,Mobile,200,Google
2024-06-03 06:00:41,/blog/article,user_50,6.2,Desktop,200,Google
2024-06-03 06:04:31,/compte,user_92,97.8,Desktop,200,Twitter
2024-06-03 06:07:36,/produits/detail,user_96,105.5,Mobile,200,Autre
2024-06-03 06:20:27,/api/search,user_183,75.6,Mobile,200,Google
2024-06-03 06:44:36,/produits,user_201,33.8,Desktop,200,Facebook
2024-06-03 06:48:43,/compte,user_84,12.4,Mobile,200,Google
2024-06-03 06:56:58,/compte,user_158,13.4,Mobile,500,Facebook
2024-06-03 07:06:07,/checkout,user_187,20.6,Desktop,500,Twitter
2024-06-03 08:33:26,/blog,user_145,91.1,Desktop,500,Facebook
2024-06-03 09:20:19,/blog,user_225,10.4,Desktop,404,Twitter
2024-06-03 10:20:23,/contact,user_190,18.5,Desktop,200,Autre
2024-06-03 12:38:42,/aide,user_261,25.8,Mobile,200,Email
2024-06-03 12:45:18,/contact,user_91,28.6,Desktop,404,Direct
2024-06-03 13:09:23,/checkout,user_23,132.3,Desktop,200,Facebook
2024-06-03 13:54:35,/,user_295,3.1,Desktop,200,Facebook
2024-06-03 14:14:21,/api/search,user_50,6.7,Tablet,500,Direct
2024-06-03 14:22:33,/compte,user_111,159.2,Mobile,301,Google
2024-06-03 14:30:14,/checkout,user_215,63.1,Mobile,200,Google
2024-06-03 14:33:50,/,user_218,9.3,Desktop,200,Direct
2024-06-03 14:40:53,/produits,user_159,6.9,Mobile,301,Email
2024-06-03 15:19:04,/produits,user_29,192.7,Desktop,200,Facebook
2024-06-03 15:29:58,/,user_36,35.8,Desktop,200,Direct
2024-06-03 16:12:51,/blog/article,user_22,4.2,Desktop,200,LinkedIn
2024-06-03 17:04:50,/produits/detail,user_255,3.2,Desktop,200,Google
2024-06-03 17:06:05,/compte,user_208,20.7,Mobile,404,Autre
2024-06-03 17:12:55,/blog,user_291,12.6,Mobile,200,LinkedIn
2024-06-03 17:22:41,/api/search,user_176,20.8,Desktop,200,Google
2024-06-03 17:59:59,/blog/article,user_57,124.4,Mobile,200,LinkedIn
2024-06-03 19:01:56,/compte,user_190,13.5,Mobile,301,Autre
2024-06-03 20:00:17,/compte,user_299,70.7,Mobile,500,Twitter
2024-06-03 20:03:40,/aide,user_291,11.4,Desktop,200,Twitter
2024-06-03 20:06:14,/panier,user_84,54.0,Desktop,200,Twitter
2024-06-03 20:08:43,/blog,user_212,13.5,Tablet,500,LinkedIn
2024-06-03 20:44:31,/produits,user_60,165.5,Mobile,200,Autre
2024-06-03 20:45:53,/blog,user_127,0.5,Desktop,301,Autre
2024-06-03 20:54:37,/api/search,user_192,0.5,Desktop,200,Google
2024-06-03 21:37:33,/compte,user_55,17.6,Desktop,500,Twitter
2024-06-03 22:27:32,/aide,user_140,25.7,Tablet,404,Email
2024-06-03 22:33:39,/panier,user_269,14.9,Mobile,404,Email
2024-06-03 22:50:23,/blog,user_44,2.0,Desktop,500,Google
2024-06-03 23:14:25,/blog/article,user_238,21.8,Desktop,200,Autre
2024-06-03 23:18:27,/produits/detail,user_59,64.5,Mobile,500,Facebook
2024-06-03 23:23:26,/api/search,user_231,6.5,Desktop,200,LinkedIn
2024-06-03 23:32:29,/,user_235,10.3,Mobile,200,Facebook
2024-06-03 23:38:00,/produits,user_99,31.3,Mobile,200,Google
2024-06-04 00:56:24,/,user_60,64.8,Mobile,200,Google
2024-06-04 01:24:44,/checkout,user_145,10.2,Mobile,200,Google
2024-06-04 01:36:34,/blog,user_248,120.5,Mobile,200,Autre
2024-06-04 01:42:01,/compte,user_142,2.1,Mobile,301,Facebook
2024-06-04 02:00:36,/checkout,user_200,77.9,Mobile,301,LinkedIn
2024-06-04 02:31:23,/,user_146,13.1,Desktop,200,Autre
2024-06-04 02:40:05,/produits/detail,user_115,77.9,Mobile,200,LinkedIn
2024-06-04 02:52:32,/blog,user_86,142.8,Mobile,200,Twitter
2024-06-04 03:26:32,/compte,user_116,11.4,Desktop,200,Twitter
2024-06-04 03:35:36,/compte,user_227,67.8,Mobile,301,Facebook
2024-06-04 03:39:48,/blog,user_134,67.3,Desktop,200,Email
2024-06-04 03:56:05,/produits,user_135,49.2,Mobile,500,Email
2024-06-04 04:05:06,/checkout,user_115,22.7,Desktop,200,Email
2024-06-04 04:08:55,/produits,user_11,89.2,Desktop,200,Facebook
2024-06-04 04:50:45,/blog,user_112,69.0,Desktop,200,Google
2024-06-04 04:55:20,/compte,user_162,79.3,Mobile,500,Facebook
2024-06-04 05:09:17,/aide,user_271,47.0,Desktop,200,Facebook
2024-06-04 05:28:35,/checkout,user_153,173.6,Desktop,500,Email
2024-06-04 06:22:37,/contact,user_199,78.9,Tablet,200,Facebook
2024-06-04 07:00:20,/produits,user_26,29.9,Desktop,500,Google
2024-06-04 07:12:48,/blog,user_122,46.0,Tablet,500,Email
2024-06-04 07:58:14,/checkout,user_217,16.5,Desktop,200,Direct
2024-06-04 08:01:38,/api/search,user_212,100.7,Desktop,500,Facebook
2024-06-04 08:32:05,/aide,user_226,15.2,Desktop,200,Autre
2024-06-04 08:50:39,/produits/detail,user_97,31.0,Mobile,200,Facebook
2024-06-04 10:26:41,/aide,user_42,29.3,Mobile,200,Facebook
2024-06-04 10:44:11,/contact,user_33,59.0,Mobile,200,Direct
2024-06-04 12:07:05,/api/search,user_203,11.1,Desktop,200,Twitter
2024-06-04 12:26:38,/panier,user_278,2.2,Mobile,200,Facebook
2024-06-04 12:51:51,/blog,user_185,17.0,Desktop,200,Email
2024-06-04 13:08:54,/api/search,user_221,28.2,Mobile,200,LinkedIn
2024-06-04 13:33:58,/checkout,user_171,39.0,Mobile,500,Email
2024-06-04 14:39:55,/panier,user_80,70.5,Mobile,200,Direct
2024-06-04 14:41:57,/produits/detail,user_192,38.2,Desktop,200,Autre
2024-06-04 15:07:17,/blog/article,user_295,32.8,Desktop,200,Email
2024-06-04 15:19:18,/produits/detail,user_14,29.6,Desktop,200,Email
2024-06-04 16:01:30,/contact,user_48,68.3,Tablet,200,Autre
2024-06-04 16:51:32,/produits,user_290,11.8,Mobile,200,Direct
2024-06-04 17:21:59,/produits,user_72,7.5,Tablet,500,Facebook
2024-06-04 18:35:05,/blog/article,user_206,26.3,Mobile,404,Email
2024-06-04 18:53:45,/produits,user_254,0.6,Desktop,200,Email
2024-06-04 19:09:30,/produits/detail,user_119,36.5,Mobile,200,Autre
2024-06-04 19:23:46,/panier,user_71,33.1,Mobile,200,LinkedIn
2024-06-04 19:54:12,/contact,user_112,13.6,Tablet,301,Twitter
2024-06-04 20:22:18,/aide,user_60,38.1,Mobile,200,Twitter
2024-06-04 20:34:10,/,user_61,285.0,Desktop,200,Direct
2024-06-04 20:45:48,/blog,user_139,84.7,Desktop,200,Autre
2024-06-04 20:56:07,/blog/article,user_161,2.2,Desktop,200,LinkedIn
2024-06-04 21:05:37,/contact,user_95,47.5,Desktop,200,Email
2024-06-04 21:29:28,/compte,user_283,92.5,Desktop,200,LinkedIn
2024-06-04 21:39:19,/aide,user_100,67.8,Desktop,301,LinkedIn
2024-06-04 21:56:15,/contact,user_189,79.5,Mobile,404,Direct
2024-06-04 22:33:11,/produits/detail,user_47,4.3,Mobile,404,Autre
2024-06-04 22:33:24,/aide,user_176,30.5,Mobile,200,Twitter
2024-06-04 22:37:16,/api/search,user_99,18.3,Mobile,200,Google
2024-06-04 22:37:53,/produits/detail,user_6,15.7,Mobile,200,Facebook
2024-06-04 23:20:43,/produits/detail,user_148,19.2,Desktop,200,Direct
2024-06-04 23:32:54,/contact,user_294,27.7,Desktop,301,Autre
2024-06-04 23:45:25,/produits,user_207,43.0,Desktop,200,Direct
2024-06-04 23:53:54,/,user_77,30.5,Mobile,200,Autre
2024-06-05 00:05:54,/produits,user_268,17.2,Mobile,301,LinkedIn
2024-06-05 00:16:59,/compte,user_52,23.3,Mobile,200,Direct
2024-06-05 00:39:49,/blog/article,user_94,127.6,Desktop,200,Direct
2024-06-05 00:48:38,/,user_52,29.9,Mobile,500,Direct
2024-06-05 00:53:09,/api/search,user_91,100.6,Tablet,200,Direct
2024-06-05 01:31:36,/produits/detail,user_78,79.4,Desktop,200,Facebook
2024-06-05 01:53:00,/checkout,user_178,35.5,Desktop,500,Autre
2024-06-05 01:54:17,/produits/detail,user_262,50.5,Mobile,200,Autre
2024-06-05 02:56:06,/produits,user_38,54.7,Mobile,404,Google
2024-06-05 04:18:29,/contact,user_238,112.6,Desktop,200,LinkedIn
2024-06-05 04:41:01,/produits/detail,user_163,151.9,Mobile,200,Autre
2024-06-05 04:41:29,/produits,user_84,7.9,Desktop,200,Email
2024-06-05 04:58:23,/,user_46,61.6,Mobile,200,Direct
2024-06-05 05:31:19,/,user_182,21.7,Desktop,200,LinkedIn
2024-06-05 05:48:47,/produits,user_5,60.0,Mobile,301,Autre
2024-06-05 06:37:59,/contact,user_264,170.5,Tablet,200,Autre
2024-06-05 06:46:08,/compte,user_151,17.8,Desktop,301,Direct
2024-06-05 06:58:11,/,user_198,27.4,Desktop,301,LinkedIn
2024-06-05 07:43:08,/aide,user_29,48.6,Mobile,200,LinkedIn
2024-06-05 07:48:56,/produits,user_207,133.9,Mobile,404,Autre
2024-06-05 08:13:46,/aide,user_131,14.1,Desktop,200,Email
2024-06-05 08:27:36,/aide,user_38,21.4,Desktop,200,Autre
2024-06-05 08:28:25,/api/search,user_250,15.2,Desktop,500,Facebook
2024-06-05 08:47:44,/compte,user_183,7.3,Desktop,200,Facebook
2024-06-05 09:07:49,/blog/article,user_233,48.2,Desktop,200,LinkedIn
2024-06-05 09:12:08,/compte,user_175,173.6,Mobile,200,Google
2024-06-05 09:29:21,/contact,user_208,7.1,Mobile,301,Twitter
2024-06-05 09:59:00,/compte,user_12,96.7,Mobile,404,Twitter
2024-06-05 11:04:25,/contact,user_207,25.8,Tablet,200,Direct
2024-06-05 11:10:37,/contact,user_6,61.9,Desktop,200,Autre
2024-06-05 12:31:54,/aide,user_154,10.0,Desktop,200,Email
2024-06-05 12:36:17,/blog,user_172,97.0,Desktop,200,Twitter
2024-06-05 12:54:55,/compte,user_122,4.4,Mobile,200,Autre
2024-06-05 12:58:42,/aide,user_172,23.5,Mobile,404,Direct
2024-06-05 13:44:48,/aide,user_285,55.5,Mobile,301,Direct
2024-06-05 13:57:10,/panier,user_67,3.7,Desktop,500,Twitter
2024-06-05 14:54:56,/produits,user_277,49.0,Mobile,200,Facebook
2024-06-05 15:11:28,/compte,user_232,57.0,Desktop,404,LinkedIn
2024-06-05 15:43:14,/api/search,user_217,99.9,Desktop,200,Google
2024-06-05 15:49:18,/contact,user_267,5.6,Mobile,200,Email
2024-06-05 16:26:04,/api/search,user_176,13.7,Mobile,301,Email
2024-06-05 16:53:42,/panier,user_153,2.2,Desktop,404,Facebook
2024-06-05 16:58:23,/api/search,user_80,38.4,Mobile,500,LinkedIn
2024-06-05 17:46:47,/,user_2,66.7,Desktop,200,Email
2024-06-05 17:55:56,/contact,user_68,26.6,Desktop,200,Google
2024-06-05 18:28:54,/blog,user_276,2.7,Mobile,200,LinkedIn
2024-06-05 18:29:35,/blog/article,user_27,45.2,Desktop,200,Email
2024-06-05 18:34:26,/produits,user_23,7.9,Desktop,301,Facebook
2024-06-05 18:56:11,/blog,user_96,56.1,Mobile,200,LinkedIn
2024-06-05 19:13:42,/contact,user_239,36.4,Mobile,200,Autre
2024-06-05 19:23:53,/produits/detail,user_199,44.4,Mobile,200,Direct
2024-06-05 20:35:07,/compte,user_185,81.5,Tablet,404,Autre
2024-06-05 20:38:33,/,user_179,4.3,Mobile,200,Google
2024-06-05 21:40:05,/produits/detail,user_18,1.1,Mobile,200,Google
2024-06-05 22:01:34,/produits/detail,user_288,1.1,Desktop,200,LinkedIn
2024-06-05 22:19:20,/api/search,user_65,49.6,Mobile,200,Email
2024-06-05 22:21:40,/blog,user_254,13.6,Desktop,200,Twitter
2024-06-05 22:23:26,/aide,user_241,118.2,Mobile,500,LinkedIn
2024-06-05 22:26:18,/produits,user_84,5.4,Desktop,404,Direct
2024-06-05 22:51:58,/produits/detail,user_90,30.5,Desktop,404,LinkedIn
2024-06-05 23:07:47,/aide,user_28,9.0,Mobile,500,Google
2024-06-05 23:12:50,/produits/detail,user_268,65.4,Mobile,301,Twitter
2024-06-05 23:23:30,/api/search,user_190,53.3,Desktop,200,Twitter
2024-06-06 00:57:12,/contact,user_3,36.0,Desktop,200,LinkedIn
2024-06-06 01:47:58,/panier,user_4,17.0,Desktop,200,Autre
2024-06-06 02:17:23,/api/search,user_199,7.6,Mobile,301,LinkedIn
2024-06-06 03:06:03,/aide,user_139,65.3,Mobile,200,Direct
2024-06-06 03:32:53,/,user_94,35.6,Mobile,301,Autre
2024-06-06 03:50:57,/contact,user_57,119.8,Desktop,200,Direct
2024-06-06 03:59:45,/panier,user_233,53.3,Desktop,200,LinkedIn
2024-06-06 04:10:04,/,user_154,289.8,Mobile,200,Autre
2024-06-06 04:36:36,/compte,user_106,7.2,Desktop,200,Autre
2024-06-06 04:40:27,/blog,user_298,73.5,Mobile,404,Direct
2024-06-06 04:42:36,/compte,user_164,89.8,Desktop,200,Direct
2024-06-06 04:55:22,/panier,user_89,97.8,Desktop,404,Email
2024-06-06 05:34:28,/,user_155,27.0,Desktop,404,Twitter
2024-06-06 06:20:29,/aide,user_118,8.2,Mobile,301,Email
2024-06-06 06:35:11,/blog/article,user_232,80.5,Desktop,404,Google
2024-06-06 07:11:04,/produits,user_260,32.2,Desktop,200,Direct
2024-06-06 07:27:01,/produits/detail,user_16,16.4,Desktop,301,Autre
2024-06-06 07:37:05,/contact,user_17,43.5,Desktop,200,Google
2024-06-06 08:00:54,/panier,user_83,63.2,Mobile,200,Email
2024-06-06 08:22:02,/produits/detail,user_242,6.4,Desktop,200,Twitter
2024-06-06 09:49:39,/compte,user_142,12.4,Desktop,200,Twitter
2024-06-06 10:26:20,/produits,user_228,59.1,Tablet,200,LinkedIn
2024-06-06 10:28:49,/blog,user_9,73.2,Desktop,404,Autre
2024-06-06 10:33:52,/blog/article,user_224,20.9,Desktop,200,LinkedIn
2024-06-06 10:59:19,/blog,user_100,8.0,Mobile,200,LinkedIn
2024-06-06 11:18:58,/aide,user_207,110.0,Desktop,200,Google
2024-06-06 11:20:22,/api/search,user_282,22.4,Desktop,200,Twitter
2024-06-06 11:23:02,/checkout,user_249,112.0,Tablet,200,Google
2024-06-06 11:39:10,/api/search,user_105,98.7,Desktop,200,Google
2024-06-06 11:48:31,/blog,user_82,68.7,Mobile,404,Direct
2024-06-06 12:05:11,/blog,user_173,65.4,Desktop,500,Twitter
2024-06-06 12:05:25,/produits,user_136,17.2,Mobile,200,Direct
2024-06-06 12:06:25,/produits,user_243,51.7,Desktop,200,Direct
2024-06-06 12:16:45,/compte,user_204,66.9,Mobile,500,Autre
2024-06-06 13:20:23,/api/search,user_20,31.8,Desktop,500,Twitter
2024-06-06 13:32:07,/,user_16,44.9,Mobile,500,LinkedIn
2024-06-06 14:19:13,/contact,user_47,21.7,Mobile,200,Direct
2024-06-06 15:00:00,/panier,user_200,17.9,Mobile,200,Google
2024-06-06 15:13:07,/blog/article,user_297,17.2,Desktop,200,Google
2024-06-06 15:33:01,/checkout,user_163,10.8,Mobile,200,Email
2024-06-06 15:37:23,/blog,user_43,4.7,Desktop,200,Twitter
2024-06-06 15:41:19,/compte,user_41,11.3,Mobile,200,Facebook
2024-06-06 15:42:27,/produits/detail,user_229,84.8,Mobile,500,Google
2024-06-06 16:03:26,/blog,user_258,19.5,Mobile,404,Twitter
2024-06-06 16:52:45,/contact,user_48,57.7,Mobile,200,Autre
2024-06-06 17:22:06,/produits/detail,user_125,23.1,Tablet,200,Email
2024-06-06 17:23:43,/blog,user_119,35.0,Desktop,200,Direct
2024-06-06 17:44:37,/checkout,user_121,275.3,Desktop,404,Twitter
2024-06-06 17:50:49,/blog/article,user_242,94.7,Desktop,200,Google
2024-06-06 18:04:25,/blog/article,user_63,1.2,Desktop,404,Twitter
2024-06-06 18:52:00,/api/search,user_211,73.8,Desktop,200,Autre
2024-06-06 19:06:42,/aide,user_104,36.4,Tablet,500,Direct
2024-06-06 19:20:02,/api/search,user_101,27.7,Desktop,200,Autre
2024-06-06 19:44:27,/blog,user_222,4.1,Desktop,200,Facebook
2024-06-06 19:48:28,/blog/article,user_79,17.5,Desktop,200,Autre
2024-06-06 20:05:22,/blog/article,user_223,8.8,Mobile,301,Autre
2024-06-06 20:08:23,/checkout,user_150,51.7,Desktop,200,Google
2024-06-06 20:43:45,/aide,user_135,55.9,Mobile,500,LinkedIn
2024-06-06 21:15:27,/blog/article,user_27,48.4,Mobile,500,Facebook
2024-06-06 21:16:58,/panier,user_112,99.9,Desktop,200,Facebook
2024-06-06 21:36:22,/aide,user_300,225.3,Desktop,404,Twitter
2024-06-06 22:10:08,/api/search,user_288,0.6,Desktop,200,Direct
2024-06-06 22:15:14,/blog,user_143,19.8,Mobile,200,Facebook
2024-06-06 22:27:57,/compte,user_242,18.5,Desktop,200,Direct
2024-06-06 23:26:12,/compte,user_83,36.7,Desktop,200,Google
2024-06-07 00:12:45,/blog/article,user_25,10.0,Mobile,200,LinkedIn
2024-06-07 00:32:12,/produits,user_75,63.8,Mobile,200,LinkedIn
2024-06-07 00:36:23,/contact,user_70,51.2,Mobile,200,Autre
2024-06-07 01:13:37,/produits,user_90,38.9,Mobile,200,Direct
2024-06-07 01:54:43,/aide,user_219,5.5,Mobile,200,Twitter
2024-06-07 02:08:47,/aide,user_215,46.7,Desktop,200,Email
2024-06-07 02:51:15,/produits,user_166,42.5,Tablet,404,Autre
2024-06-07 03:21:06,/produits,user_91,20.8,Desktop,200,Twitter
2024-06-07 03:25:17,/api/search,user_7,45.2,Desktop,200,Facebook
2024-06-07 03:54:50,/blog/article,user_75,3.2,Mobile,200,Twitter
2024-06-07 04:01:50,/blog/article,user_152,131.8,Desktop,200,Google
2024-06-07 04:05:59,/blog/article,user_19,5.2,Desktop,200,Google
2024-06-07 04:08:35,/contact,user_219,4.2,Desktop,200,LinkedIn
2024-06-07 04:11:22,/produits,user_125,9.7,Desktop,200,Twitter
2024-06-07 04:57:30,/panier,user_41,40.7,Desktop,301,Email
2024-06-07 05:02:01,/produits,user_286,11.9,Mobile,301,Facebook
2024-06-07 05:45:17,/compte,user_9,91.0,Desktop,500,Facebook
2024-06-07 05:54:44,/panier,user_162,115.4,Tablet,200,LinkedIn
2024-06-07 06:04:17,/,user_100,20.6,Mobile,301,LinkedIn
2024-06-07 06:27:12,/blog,user_282,19.7,Desktop,301,LinkedIn
2024-06-07 07:09:28,/compte,user_249,107.0,Mobile,200,Direct
2024-06-07 07:11:22,/checkout,user_137,70.3,Desktop,301,Google
2024-06-07 07:19:05,/checkout,user_87,50.1,Mobile,404,Direct
2024-06-07 07:44:17,/blog,user_106,55.1,Desktop,200,LinkedIn
2024-06-07 07:56:36,/aide,user_27,7.1,Desktop,200,Facebook
2024-06-07 09:26:59,/compte,user_217,7.1,Desktop,200,LinkedIn
2024-06-07 09:27:05,/,user_44,20.4,Desktop,200,Email
2024-06-07 09:37:37,/checkout,user_125,6.4,Desktop,200,Google
2024-06-07 10:06:22,/aide,user_93,54.6,Desktop,404,Google
2024-06-07 10:13:52,/blog/article,user_272,105.6,Tablet,301,Direct
2024-06-07 11:14:10,/compte,user_136,157.6,Mobile,200,Google
2024-06-07 11:30:09,/,user_123,27.4,Mobile,200,Email
2024-06-07 11:34:09,/aide,user_168,77.1,Mobile,404,Twitter
2024-06-07 12:08:57,/blog/article,user_123,9.0,Desktop,200,Autre
2024-06-07 12:29:42,/blog/article,user_53,13.5,Desktop,200,Email
2024-06-07 12:49:36,/produits/detail,user_261,101.7,Desktop,301,LinkedIn
2024-06-07 12:55:29,/aide,user_61,155.8,Desktop,200,Direct
2024-06-07 13:13:13,/contact,user_154,111.9,Mobile,200,Autre
2024-06-07 13:13:37,/produits/detail,user_25,84.3,Desktop,200,Autre
2024-06-07 14:01:09,/checkout,user_109,10.4,Mobile,200,Facebook
2024-06-07 14:03:47,/aide,user_80,128.2,Mobile,301,Direct
2024-06-07 14:05:28,/aide,user_284,16.4,Desktop,200,Twitter
2024-06-07 14:07:36,/panier,user_110,4.6,Desktop,200,Google
2024-06-07 14:19:10,/checkout,user_272,13.0,Tablet,200,Facebook
2024-06-07 14:20:23,/,user_148,72.2,Desktop,404,Twitter
2024-06-07 14:27:57,/checkout,user_241,31.5,Tablet,301,LinkedIn
2024-06-07 14:34:33,/,user_229,21.3,Mobile,200,Direct
2024-06-07 14:47:30,/,user_69,38.4,Desktop,200,Direct
2024-06-07 15:33:44,/checkout,user_278,31.5,Mobile,200,Google
2024-06-07 16:06:57,/checkout,user_32,55.0,Desktop,200,Facebook
2024-06-07 16:43:16,/checkout,user_9,55.1,Mobile,200,LinkedIn
2024-06-07 16:50:25,/produits/detail,user_61,2.7,Mobile,404,Autre
2024-06-07 17:29:31,/blog/article,user_227,31.5,Mobile,301,Email
2024-06-07 18:36:55,/produits,user_298,16.0,Mobile,200,Twitter
2024-06-07 19:36:29,/contact,user_162,81.2,Desktop,200,Direct
2024-06-07 19:55:29,/checkout,user_144,66.0,Desktop,500,Autre
2024-06-07 20:06:12,/aide,user_151,162.7,Mobile,200,Email
2024-06-07 20:07:24,/contact,user_144,39.3,Desktop,200,Direct
2024-06-07 20:10:33,/contact,user_245,39.9,Desktop,500,Google
2024-06-07 20:26:49,/checkout,user_225,59.2,Mobile,200,Google
2024-06-07 20:37:02,/aide,user_207,145.6,Mobile,200,Email
2024-06-07 20:40:49,/,user_184,4.8,Desktop,500,Direct
2024-06-07 20:45:42,/produits,user_47,41.2,Desktop,500,LinkedIn
2024-06-07 21:09:14,/compte,user_193,44.6,Mobile,301,Email
2024-06-07 21:15:12,/checkout,user_234,98.3,Tablet,200,Google
2024-06-07 21:18:03,/checkout,user_98,20.0,Desktop,301,Twitter
2024-06-07 22:51:17,/api/search,user_4,44.0,Mobile,200,Email
2024-06-07 23:30:20,/api/search,user_43,8.3,Desktop,500,Twitter
2024-06-07 23:56:56,/blog/article,user_254,101.4,Desktop,200,Facebook
2024-06-08 00:17:17,/produits/detail,user_142,28.2,Mobile,500,Direct
2024-06-08 00:31:23,/checkout,user_64,25.2,Mobile,200,Autre
2024-06-08 00:55:17,/checkout,user_171,79.5,Mobile,301,Email
2024-06-08 00:59:00,/compte,user_63,52.5,Desktop,301,Direct
2024-06-08 01:36:23,/produits/detail,user_121,14.3,Desktop,200,Facebook
2024-06-08 01:45:33,/produits,user_23,0.7,Mobile,200,Direct
2024-06-08 02:44:10,/,user_187,21.2,Mobile,200,Google
2024-06-08 02:46:53,/produits,user_52,60.0,Desktop,500,Email
2024-06-08 02:48:58,/compte,user_299,3.3,Mobile,200,Twitter
2024-06-08 02:49:00,/panier,user_57,90.9,Desktop,200,Autre
2024-06-08 02:54:56,/api/search,user_39,34.8,Desktop,404,Email
2024-06-08 03:01:39,/contact,user_35,16.4,Tablet,200,Autre
2024-06-08 03:31:46,/blog,user_53,3.5,Desktop,500,Autre
2024-06-08 04:12:22,/compte,user_259,22.3,Desktop,200,Email
2024-06-08 04:13:31,/contact,user_227,57.4,Desktop,200,LinkedIn
2024-06-08 04:17:34,/produits,user_182,57.1,Desktop,200,LinkedIn
2024-06-08 04:56:41,/panier,user_249,2.3,Desktop,500,Twitter
2024-06-08 05:37:54,/checkout,user_73,14.7,Mobile,200,Direct
2024-06-08 05:46:31,/blog,user_244,8.2,Tablet,200,Google
2024-06-08 05:50:54,/api/search,user_296,117.7,Desktop,301,LinkedIn
2024-06-08 05:52:36,/,user_51,20.4,Desktop,200,Twitter
2024-06-08 05:54:34,/panier,user_68,26.0,Desktop,301,Autre
2024-06-08 05:56:15,/aide,user_73,19.2,Desktop,200,Email
2024-06-08 06:02:41,/aide,user_188,70.5,Desktop,200,Direct
2024-06-08 06:30:02,/compte,user_161,5.5,Desktop,200,Autre
2024-06-08 06:42:51,/aide,user_194,12.1,Mobile,200,Autre
2024-06-08 07:01:40,/blog/article,user_149,49.1,Mobile,200,Email
2024-06-08 07:38:01,/checkout,user_160,77.5,Desktop,200,Facebook
2024-06-08 07:42:47,/produits,user_173,25.5,Mobile,200,Twitter
2024-06-08 07:50:53,/produits/detail,user_60,5.7,Desktop,500,Email
2024-06-08 08:17:01,/produits,user_264,45.5,Mobile,200,Twitter
2024-06-08 08:26:52,/,user_17,68.0,Mobile,200,Email
2024-06-08 08:49:40,/produits/detail,user_154,37.1,Mobile,500,Direct
2024-06-08 08:57:43,/,user_2,1.5,Desktop,200,Autre
2024-06-08 09:09:08,/blog/article,user_218,14.7,Mobile,404,Facebook
2024-06-08 09:23:27,/blog/article,user_4,61.4,Tablet,200,Facebook
2024-06-08 09:59:08,/produits/detail,user_83,32.0,Tablet,200,Autre
2024-06-08 10:10:56,/api/search,user_149,0.5,Mobile,200,Autre
2024-06-08 10:17:01,/contact,user_62,12.8,Mobile,200,Email
2024-06-08 10:36:05,/panier,user_34,21.3,Desktop,200,Email
2024-06-08 11:37:35,/blog/article,user_201,57.4,Desktop,200,Twitter
2024-06-08 12:25:33,/api/search,user_34,23.0,Desktop,200,LinkedIn
2024-06-08 13:13:51,/compte,user_21,39.6,Mobile,301,Email
2024-06-08 13:36:34,/contact,user_257,21.1,Desktop,500,LinkedIn
2024-06-08 13:41:12,/checkout,user_191,39.7,Mobile,200,Google
2024-06-08 13:43:09,/aide,user_52,84.0,Desktop,200,Twitter
2024-06-08 14:22:59,/checkout,user_109,53.4,Mobile,200,Twitter
2024-06-08 14:36:01,/blog/article,user_172,44.8,Desktop,200,LinkedIn
2024-06-08 14:51:17,/checkout,user_155,44.9,Desktop,200,Google
2024-06-08 14:58:47,/aide,user_139,35.5,Mobile,200,Twitter
2024-06-08 15:15:01,/panier,user_267,66.7,Desktop,404,Twitter
2024-06-08 15:22:51,/contact,user_273,10.9,Mobile,500,Email
2024-06-08 15:26:24,/contact,user_174,104.2,Desktop,200,LinkedIn
2024-06-08 15:42:29,/panier,user_259,12.4,Desktop,200,Facebook
2024-06-08 15:45:27,/produits,user_115,33.8,Mobile,301,Facebook
2024-06-08 16:11:51,/produits/detail,user_113,46.6,Mobile,200,Autre
2024-06-08 16:33:31,/blog/article,user_216,47.3,Tablet,404,Google
2024-06-08 17:01:24,/contact,user_288,12.8,Mobile,301,Direct
2024-06-08 17:19:43,/blog,user_194,21.1,Desktop,200,LinkedIn
2024-06-08 17:23:07,/aide,user_282,62.6,Desktop,404,Twitter
2024-06-08 17:23:23,/contact,user_272,129.8,Desktop,200,Facebook
2024-06-08 17:28:19,/contact,user_168,86.3,Mobile,200,Google
2024-06-08 17:33:32,/panier,user_237,3.3,Mobile,200,LinkedIn
2024-06-08 17:38:15,/aide,user_77,41.3,Mobile,404,Twitter
2024-06-08 18:08:39,/api/search,user_70,0.5,Desktop,200,Google
2024-06-08 18:16:08,/blog/article,user_201,5.0,Tablet,200,LinkedIn
2024-06-08 18:42:29,/panier,user_201,46.7,Mobile,404,Twitter
2024-06-08 18:46:56,/compte,user_11,16.0,Desktop,200,Email
2024-06-08 18:47:19,/checkout,user_238,134.5,Desktop,200,Email
2024-06-08 19:41:33,/produits/detail,user_281,2.6,Tablet,200,Email
2024-06-08 19:53:10,/produits,user_32,19.0,Desktop,200,Twitter
2024-06-08 20:02:58,/compte,user_170,36.2,Desktop,200,Google
2024-06-08 20:08:03,/api/search,user_48,101.1,Mobile,200,Google
2024-06-08 20:35:50,/aide,user_265,0.6,Desktop,200,Autre
2024-06-08 21:06:01,/api/search,user_192,40.9,Desktop,200,Direct
2024-06-08 21:39:48,/produits/detail,user_170,109.8,Mobile,404,Email
2024-06-08 21:54:51,/panier,user_293,91.0,Mobile,200,Autre
2024-06-08 22:57:04,/compte,user_191,35.0,Mobile,301,LinkedIn
2024-06-08 23:12:06,/api/search,user_218,59.0,Desktop,200,Google
2024-06-08 23:37:52,/,user_102,21.4,Desktop,301,Facebook
2024-06-08 23:55:39,/panier,user_212,20.2,Mobile,200,Autre
2024-06-09 00:01:38,/blog,user_1,101.8,Desktop,200,Direct
2024-06-09 00:38:45,/contact,user_217,31.6,Mobile,500,LinkedIn
2024-06-09 01:38:31,/blog/article,user_156,10.3,Desktop,500,Facebook
2024-06-09 01:48:50,/contact,user_32,57.5,Desktop,200,Email
2024-06-09 03:08:11,/aide,user_24,83.4,Desktop,404,LinkedIn
2024-06-09 03:50:59,/,user_119,4.3,Tablet,200,Direct
2024-06-09 04:50:42,/compte,user_212,6.9,Mobile,200,Autre
2024-06-09 05:02:24,/blog/article,user_247,102.3,Desktop,200,LinkedIn
2024-06-09 05:16:22,/checkout,user_133,63.0,Tablet,200,LinkedIn
2024-06-09 05:44:00,/produits,user_244,0.6,Desktop,200,Autre
2024-06-09 05:44:21,/,user_99,36.4,Mobile,404,LinkedIn
2024-06-09 06:14:44,/contact,user_286,4.5,Desktop,200,Direct
2024-06-09 06:17:14,/produits,user_98,75.3,Mobile,200,LinkedIn
2024-06-09 06:17:55,/api/search,user_151,60.0,Desktop,200,Twitter
2024-06-09 06:30:49,/panier,user_44,58.0,Mobile,301,Email
2024-06-09 06:54:21,/produits,user_119,16.9,Mobile,500,Autre
2024-06-09 07:04:45,/blog/article,user_293,49.5,Mobile,200,Email
2024-06-09 07:09:35,/produits/detail,user_115,17.9,Mobile,200,Google
2024-06-09 07:23:32,/contact,user_168,12.1,Mobile,200,Facebook
2024-06-09 07:37:37,/,user_287,47.3,Desktop,301,Email
2024-06-09 08:08:06,/produits/detail,user_81,32.7,Desktop,500,LinkedIn
2024-06-09 08:09:18,/checkout,user_263,31.3,Mobile,200,Email
2024-06-09 08:32:06,/,user_131,31.4,Mobile,200,LinkedIn
2024-06-09 08:33:06,/contact,user_228,13.6,Desktop,200,LinkedIn
2024-06-09 08:53:01,/produits/detail,user_266,61.0,Tablet,200,Facebook
2024-06-09 09:04:34,/blog,user_23,10.0,Desktop,404,Direct
2024-06-09 10:06:01,/panier,user_139,26.5,Desktop,404,LinkedIn
2024-06-09 10:33:13,/api/search,user_152,83.2,Mobile,301,Autre
2024-06-09 10:43:20,/aide,user_216,2.9,Tablet,200,Google
2024-06-09 10:49:39,/blog,user_279,0.5,Desktop,404,Direct
2024-06-09 12:08:37,/checkout,user_156,37.1,Desktop,200,Direct
2024-06-09 12:43:49,/produits,user_218,0.5,Tablet,200,Direct
2024-06-09 13:18:32,/aide,user_259,13.5,Mobile,500,Google
2024-06-09 13:31:09,/aide,user_97,13.0,Mobile,200,Twitter
2024-06-09 13:51:29,/api/search,user_168,0.8,Desktop,404,Google
2024-06-09 14:04:38,/checkout,user_52,108.7,Desktop,200,Twitter
2024-06-09 14:04:39,/blog,user_257,73.3,Mobile,301,Autre
2024-06-09 14:21:01,/checkout,user_133,13.8,Mobile,500,Facebook
2024-06-09 14:47:35,/blog/article,user_77,26.5,Mobile,200,Twitter
2024-06-09 15:02:26,/produits/detail,user_226,11.1,Desktop,200,Email
2024-06-09 15:22:59,/compte,user_18,17.6,Mobile,200,Twitter
2024-06-09 15:31:08,/,user_215,42.8,Mobile,200,LinkedIn
2024-06-09 16:14:10,/blog/article,user_64,36.3,Mobile,301,LinkedIn
2024-06-09 16:21:47,/aide,user_273,91.9,Mobile,200,Direct
2024-06-09 16:27:41,/produits/detail,user_274,12.7,Tablet,200,Facebook
2024-06-09 16:45:39,/,user_73,19.6,Desktop,200,Google
2024-06-09 17:28:24,/blog/article,user_119,12.4,Mobile,200,Twitter
2024-06-09 18:06:10,/,user_155,29.7,Mobile,200,Email
2024-06-09 18:38:50,/produits,user_5,10.9,Desktop,200,Email
2024-06-09 18:48:56,/contact,user_157,82.9,Desktop,200,LinkedIn
2024-06-09 18:57:33,/aide,user_26,8.5,Desktop,200,Autre
2024-06-09 19:34:14,/aide,user_63,15.2,Tablet,200,LinkedIn
2024-06-09 19:47:12,/,user_232,39.3,Tablet,200,Email
2024-06-09 19:47:59,/produits/detail,user_80,37.7,Mobile,200,LinkedIn
2024-06-09 20:13:08,/api/search,user_52,15.1,Desktop,404,Email
2024-06-09 20:20:21,/contact,user_138,37.6,Mobile,500,Facebook
2024-06-09 21:24:55,/produits,user_240,10.8,Mobile,301,Email
2024-06-09 21:52:16,/panier,user_209,50.0,Desktop,200,Google
2024-06-09 22:12:05,/api/search,user_240,4.2,Mobile,404,Twitter
2024-06-09 22:14:10,/api/search,user_130,33.2,Desktop,500,Google
2024-06-09 22:31:47,/produits/detail,user_182,21.3,Desktop,301,Direct
2024-06-09 23:27:23,/blog/article,user_4,164.6,Desktop,200,Direct
2024-06-09 23:41:28,/api/search,user_292,4.9,Mobile,200,Email
2024-06-09 23:53:42,/api/search,user_271,80.4,Desktop,500,Twitter
2024-06-10 00:08:06,/contact,user_212,1.8,Desktop,200,Direct
2024-06-10 00:17:01,/produits,user_13,13.2,Mobile,200,LinkedIn
2024-06-10 00:46:23,/blog/article,user_298,38.6,Desktop,404,LinkedIn
2024-06-10 00:58:55,/api/search,user_122,53.5,Desktop,200,LinkedIn
2024-06-10 01:03:47,/produits,user_67,174.6,Desktop,200,Twitter
2024-06-10 01:04:40,/checkout,user_175,30.1,Mobile,500,LinkedIn
2024-06-10 01:12:05,/blog,user_72,17.6,Desktop,404,LinkedIn
2024-06-10 01:36:10,/api/search,user_294,7.3,Mobile,200,Facebook
2024-06-10 01:37:53,/contact,user_90,8.0,Desktop,301,Direct
2024-06-10 01:40:42,/blog,user_33,17.7,Mobile,200,Email
2024-06-10 01:55:36,/compte,user_117,45.4,Desktop,200,Twitter
2024-06-10 01:59:34,/blog,user_145,45.3,Desktop,200,Twitter
2024-06-10 02:39:23,/panier,user_49,18.1,Mobile,200,Twitter
2024-06-10 03:23:08,/panier,user_240,14.7,Desktop,200,LinkedIn
2024-06-10 03:24:46,/,user_155,17.3,Desktop,200,Direct
2024-06-10 03:32:56,/produits/detail,user_20,13.9,Mobile,500,Twitter
2024-06-10 04:06:04,/aide,user_289,40.7,Desktop,200,Autre
2024-06-10 04:22:06,/compte,user_194,40.1,Mobile,200,Twitter
2024-06-10 04:46:45,/blog,user_130,44.3,Mobile,404,Google
2024-06-10 05:18:11,/blog,user_256,132.5,Desktop,200,Email
2024-06-10 05:41:53,/panier,user_88,19.6,Desktop,500,Email
2024-06-10 05:41:59,/blog/article,user_161,177.1,Mobile,200,Facebook
2024-06-10 06:30:32,/panier,user_47,20.1,Mobile,200,Twitter
2024-06-10 06:37:53,/produits/detail,user_159,55.1,Desktop,200,Facebook
2024-06-10 07:44:37,/checkout,user_205,12.4,Mobile,200,Autre
2024-06-10 08:01:52,/blog/article,user_15,12.5,Desktop,301,Facebook
2024-06-10 08:27:26,/aide,user_160,120.0,Desktop,301,Email
2024-06-10 08:47:23,/,user_267,20.2,Mobile,404,Twitter
2024-06-10 08:51:46,/blog/article,user_215,9.3,Tablet,200,Email
2024-06-10 09:09:03,/checkout,user_141,37.7,Desktop,404,Autre
2024-06-10 09:17:38,/panier,user_180,148.8,Desktop,200,Direct
2024-06-10 09:18:37,/checkout,user_266,24.5,Tablet,301,LinkedIn
2024-06-10 09:44:32,/contact,user_281,56.9,Desktop,200,Facebook
2024-06-10 09:51:31,/aide,user_97,3.0,Mobile,200,Direct
2024-06-10 10:13:32,/blog,user_162,4.6,Mobile,200,Email
2024-06-10 10:26:52,/,user_198,70.8,Mobile,200,Facebook
2024-06-10 10:27:59,/produits/detail,user_165,38.2,Mobile,200,LinkedIn
2024-06-10 10:33:06,/produits/detail,user_98,82.2,Desktop,200,Facebook
2024-06-10 10:38:45,/panier,user_55,34.8,Desktop,200,Google
2024-06-10 10:44:48,/api/search,user_136,11.1,Desktop,404,LinkedIn
2024-06-10 11:27:57,/produits,user_272,3.9,Desktop,200,LinkedIn
2024-06-10 11:30:15,/panier,user_104,4.2,Desktop,200,Facebook
2024-06-10 11:50:58,/blog/article,user_282,7.1,Desktop,200,Google
2024-06-10 12:05:29,/compte,user_134,47.3,Desktop,500,Google
2024-06-10 12:26:31,/api/search,user_143,58.3,Desktop,200,Autre
2024-06-10 12:44:45,/produits,user_197,11.2,Desktop,200,Facebook
2024-06-10 12:47:18,/blog/article,user_200,26.8,Mobile,200,Direct
2024-06-10 12:57:32,/blog,user_280,13.7,Desktop,200,Autre
2024-06-10 13:40:30,/api/search,user_165,70.8,Desktop,200,Facebook
2024-06-10 13:52:15,/blog,user_96,59.2,Desktop,200,Email
2024-06-10 13:56:59,/blog,user_59,24.8,Desktop,200,LinkedIn
2024-06-10 14:12:13,/produits/detail,user_119,21.6,Desktop,500,Twitter
2024-06-10 14:14:59,/compte,user_24,139.5,Tablet,200,Autre
2024-06-10 14:37:48,/contact,user_110,38.2,Desktop,404,Email
2024-06-10 14:38:47,/blog,user_174,1.9,Mobile,404,Twitter
2024-06-10 14:40:30,/blog,user_111,46.5,Desktop,200,Google
2024-06-10 16:03:40,/,user_198,37.5,Tablet,200,Email
2024-06-10 16:12:12,/blog,user_76,20.0,Mobile,301,Google
2024-06-10 16:19:45,/panier,user_173,7.7,Mobile,404,Twitter
2024-06-10 17:02:02,/contact,user_215,141.6,Mobile,301,Twitter
2024-06-10 17:09:42,/contact,user_19,39.3,Desktop,200,Facebook
2024-06-10 17:26:34,/contact,user_207,74.7,Desktop,500,Facebook
2024-06-10 18:13:39,/panier,user_267,177.0,Tablet,404,Google
2024-06-10 18:13:50,/produits/detail,user_267,44.0,Tablet,200,Google
2024-06-10 18:49:17,/api/search,user_75,19.6,Desktop,200,Email
2024-06-10 19:35:43,/panier,user_132,21.0,Desktop,301,Email
2024-06-10 20:52:06,/,user_184,4.6,Desktop,200,Autre
2024-06-10 21:02:24,/compte,user_123,23.8,Desktop,500,Facebook
2024-06-10 21:11:46,/,user_263,1.4,Mobile,200,Email
2024-06-10 21:13:14,/blog,user_106,42.7,Mobile,200,Email
2024-06-10 21:33:00,/blog/article,user_129,64.2,Desktop,500,Facebook
2024-06-10 21:50:25,/checkout,user_260,99.8,Mobile,200,Facebook
2024-06-10 21:52:04,/compte,user_154,25.4,Mobile,200,Autre
2024-06-10 21:56:56,/blog/article,user_169,49.0,Tablet,200,Direct
2024-06-10 22:09:22,/,user_118,9.9,Desktop,404,Email
2024-06-10 22:12:55,/contact,user_191,13.0,Mobile,500,Direct
2024-06-10 22:25:21,/panier,user_107,78.2,Tablet,200,Autre
2024-06-10 22:32:12,/compte,user_275,45.3,Mobile,200,Email
2024-06-10 22:47:35,/checkout,user_252,13.5,Mobile,301,Twitter
2024-06-10 23:39:50,/produits/detail,user_105,15.3,Desktop,200,LinkedIn
2024-06-10 23:48:41,/blog,user_222,24.8,Mobile,200,Autre
2024-06-10 23:55:44,/produits/detail,user_32,23.2,Mobile,200,Twitter
2024-06-10 23:59:44,/contact,user_94,0.5,Mobile,200,Twitter
2024-06-11 00:02:31,/produits,user_149,12.4,Desktop,301,Direct
2024-06-11 00:02:45,/blog,user_175,34.0,Desktop,200,Google
2024-06-11 00:14:28,/api/search,user_57,42.8,Tablet,301,Direct
2024-06-11 00:17:41,/contact,user_275,49.2,Mobile,200,LinkedIn
2024-06-11 00:21:56,/produits,user_100,21.4,Tablet,200,Facebook
2024-06-11 01:28:08,/blog,user_82,109.1,Desktop,200,Direct
2024-06-11 01:48:52,/blog/article,user_190,62.5,Desktop,500,LinkedIn
2024-06-11 02:29:51,/panier,user_2,0.8,Desktop,404,Direct
2024-06-11 02:30:49,/contact,user_100,12.7,Mobile,200,Facebook
2024-06-11 03:30:35,/contact,user_196,7.9,Desktop,200,Direct
2024-06-11 03:44:21,/produits/detail,user_163,14.0,Desktop,500,Email
2024-06-11 04:14:45,/produits,user_251,20.0,Mobile,301,Email
2024-06-11 04:30:02,/checkout,user_244,12.4,Mobile,500,LinkedIn
2024-06-11 04:46:22,/produits/detail,user_265,116.1,Mobile,200,Direct
2024-06-11 05:00:28,/contact,user_80,9.6,Desktop,404,Autre
2024-06-11 05:21:00,/compte,user_264,12.2,Desktop,404,Google
2024-06-11 05:27:38,/aide,user_266,95.3,Desktop,301,Google
2024-06-11 05:45:27,/blog/article,user_149,109.4,Mobile,500,Autre
2024-06-11 06:06:12,/checkout,user_223,21.8,Desktop,200,Email
2024-06-11 06:26:19,/contact,user_165,30.9,Desktop,200,Google
2024-06-11 07:19:21,/blog,user_27,21.2,Desktop,500,Autre
2024-06-11 07:59:32,/produits,user_90,13.2,Mobile,301,Facebook
2024-06-11 08:24:21,/panier,user_76,46.0,Desktop,500,Direct
2024-06-11 08:58:50,/aide,user_189,19.1,Mobile,200,Google
2024-06-11 09:12:16,/blog,user_195,107.3,Tablet,200,Facebook
2024-06-11 09:21:40,/aide,user_221,15.2,Mobile,200,Facebook
2024-06-11 09:32:54,/,user_223,36.7,Desktop,200,LinkedIn
2024-06-11 09:43:36,/blog,user_27,77.1,Mobile,200,Google
2024-06-11 09:43:37,/contact,user_156,2.5,Desktop,200,Twitter
2024-06-11 10:06:47,/contact,user_139,6.9,Mobile,200,Twitter
2024-06-11 10:37:00,/aide,user_32,17.6,Mobile,301,Email
2024-06-11 10:43:51,/api/search,user_232,53.8,Desktop,200,Facebook
2024-06-11 11:55:41,/checkout,user_7,102.4,Desktop,200,Google
2024-06-11 12:23:40,/,user_288,25.0,Desktop,200,Autre
2024-06-11 12:46:33,/panier,user_292,93.1,Desktop,301,Email
2024-06-11 12:51:42,/compte,user_261,23.1,Mobile,200,Direct
2024-06-11 13:05:53,/compte,user_14,103.1,Desktop,500,Google
2024-06-11 13:08:16,/contact,user_299,141.3,Tablet,200,Facebook
2024-06-11 13:33:59,/api/search,user_16,31.4,Desktop,404,Autre
2024-06-11 13:45:36,/api/search,user_100,15.3,Mobile,301,Autre
2024-06-11 14:26:28,/blog/article,user_182,38.2,Desktop,200,Email
2024-06-11 14:28:30,/produits/detail,user_87,77.7,Mobile,200,Email
2024-06-11 14:36:05,/contact,user_273,96.3,Mobile,200,Google
2024-06-11 15:05:35,/compte,user_24,23.7,Desktop,200,Twitter
2024-06-11 15:17:27,/panier,user_223,4.6,Desktop,200,Email
2024-06-11 15:32:59,/aide,user_217,60.2,Desktop,200,LinkedIn
2024-06-11 15:51:34,/panier,user_190,34.8,Mobile,200,Direct
2024-06-11 16:36:58,/api/search,user_73,1.4,Desktop,404,Facebook
2024-06-11 17:01:16,/panier,user_287,12.3,Desktop,200,LinkedIn
2024-06-11 17:51:38,/panier,user_10,11.2,Mobile,200,LinkedIn
2024-06-11 17:59:44,/,user_285,38.3,Mobile,200,Autre
2024-06-11 18:24:31,/api/search,user_59,46.6,Desktop,200,Google
2024-06-11 18:28:56,/,user_102,19.7,Mobile,200,Twitter
2024-06-11 19:03:56,/produits,user_48,87.3,Desktop,200,Autre
2024-06-11 19:36:52,/blog,user_187,9.1,Desktop,200,Twitter
2024-06-11 20:36:24,/api/search,user_34,40.2,Desktop,200,Autre
2024-06-11 20:40:11,/,user_4,32.5,Mobile,404,Email
2024-06-11 20:59:44,/,user_6,226.9,Desktop,404,Direct
2024-06-11 21:30:05,/panier,user_195,25.4,Desktop,200,LinkedIn
2024-06-11 21:35:41,/,user_169,6.2,Mobile,500,LinkedIn
2024-06-11 21:39:21,/contact,user_258,44.8,Tablet,404,Twitter
2024-06-11 22:10:37,/,user_2,27.6,Desktop,200,Facebook
2024-06-11 22:20:33,/produits/detail,user_81,9.6,Desktop,200,Direct
2024-06-11 22:24:42,/compte,user_219,87.1,Desktop,301,Twitter
2024-06-11 22:49:23,/checkout,user_151,120.1,Mobile,200,Direct
2024-06-11 23:01:28,/aide,user_45,64.6,Mobile,200,Google
2024-06-11 23:06:50,/blog,user_111,15.8,Desktop,200,Autre
2024-06-11 23:09:12,/produits,user_189,53.8,Desktop,200,Autre
2024-06-11 23:51:03,/contact,user_208,4.8,Desktop,200,Email
2024-06-11 23:51:41,/compte,user_95,44.3,Tablet,200,Twitter
2024-06-12 00:07:18,/blog,user_58,5.0,Tablet,200,Twitter
2024-06-12 00:13:14,/api/search,user_172,17.7,Desktop,301,Twitter
2024-06-12 01:27:58,/aide,user_153,6.7,Desktop,200,Facebook
2024-06-12 01:32:37,/,user_109,7.2,Mobile,200,Facebook
2024-06-12 01:36:40,/aide,user_178,58.8,Mobile,200,Email
2024-06-12 02:22:59,/produits/detail,user_80,4.2,Desktop,200,Email
2024-06-12 02:53:47,/api/search,user_189,51.7,Desktop,200,Direct
2024-06-12 03:24:29,/checkout,user_7,114.1,Desktop,200,Twitter
2024-06-12 03:47:44,/produits,user_231,64.9,Desktop,200,Email
2024-06-12 04:17:09,/compte,user_182,4.4,Desktop,200,LinkedIn
2024-06-12 05:02:54,/checkout,user_152,156.2,Desktop,200,Twitter
2024-06-12 06:10:31,/checkout,user_249,44.7,Desktop,301,Twitter
2024-06-12 06:26:03,/blog,user_190,5.2,Desktop,200,Facebook
2024-06-12 06:30:36,/produits,user_42,26.4,Desktop,200,LinkedIn
2024-06-12 06:56:30,/,user_46,193.7,Mobile,404,LinkedIn
2024-06-12 06:57:25,/contact,user_261,7.0,Tablet,301,Autre
2024-06-12 07:03:20,/panier,user_244,101.2,Mobile,301,Direct
2024-06-12 07:33:10,/panier,user_26,22.0,Mobile,200,Email
2024-06-12 07:54:28,/blog,user_47,110.6,Desktop,200,Twitter
2024-06-12 08:40:19,/panier,user_208,29.0,Desktop,200,Autre
2024-06-12 08:52:28,/contact,user_191,31.0,Mobile,200,Facebook
2024-06-12 09:55:02,/blog,user_233,1.0,Tablet,200,Facebook
2024-06-12 09:56:26,/checkout,user_168,27.8,Desktop,200,Google
2024-06-12 10:47:07,/panier,user_126,10.2,Desktop,200,Autre
2024-06-12 10:58:51,/checkout,user_20,20.4,Desktop,404,Facebook
2024-06-12 11:14:44,/,user_101,3.6,Mobile,200,Facebook
2024-06-12 11:27:02,/produits/detail,user_60,91.3,Mobile,200,Direct
2024-06-12 11:32:49,/,user_203,25.6,Desktop,200,Facebook
2024-06-12 12:16:33,/compte,user_276,27.2,Mobile,500,Google
2024-06-12 12:23:40,/api/search,user_107,52.0,Tablet,200,Direct
2024-06-12 12:35:50,/compte,user_155,45.9,Mobile,200,Google
2024-06-12 13:31:08,/contact,user_17,35.2,Desktop,200,Twitter
2024-06-12 14:45:51,/,user_286,46.3,Desktop,200,Email
2024-06-12 15:17:27,/blog,user_73,58.9,Desktop,404,Google
2024-06-12 15:44:21,/checkout,user_44,38.1,Mobile,404,Facebook
2024-06-12 15:51:03,/blog/article,user_39,29.7,Desktop,200,Google
2024-06-12 16:15:30,/produits/detail,user_244,2.7,Desktop,200,Email
2024-06-12 16:24:53,/produits/detail,user_262,35.6,Mobile,500,Email
2024-06-12 16:31:05,/blog/article,user_4,155.1,Mobile,200,Facebook
2024-06-12 16:39:07,/produits,user_41,20.5,Mobile,500,Email
2024-06-12 18:42:09,/contact,user_263,43.6,Desktop,200,Google
2024-06-12 19:17:58,/api/search,user_209,35.6,Desktop,200,Twitter
2024-06-12 19:31:20,/aide,user_22,52.7,Mobile,301,Autre
2024-06-12 19:34:32,/produits/detail,user_171,37.3,Tablet,200,Google
2024-06-12 19:48:05,/checkout,user_192,29.6,Mobile,404,Facebook
2024-06-12 19:54:11,/blog,user_110,29.0,Desktop,500,Direct
2024-06-12 20:08:30,/contact,user_140,70.8,Desktop,404,Email
2024-06-12 20:14:09,/blog/article,user_71,37.1,Mobile,200,Autre
2024-06-12 20:14:38,/api/search,user_44,63.3,Mobile,500,Facebook
2024-06-12 21:01:43,/produits,user_59,14.3,Mobile,500,Facebook
2024-06-12 21:08:02,/produits/detail,user_285,21.1,Mobile,500,Direct
2024-06-12 21:22:49,/aide,user_300,41.9,Mobile,200,Facebook
2024-06-12 21:31:29,/panier,user_169,35.9,Desktop,200,Google
2024-06-12 21:32:49,/panier,user_234,174.7,Desktop,200,Twitter
2024-06-12 22:11:02,/aide,user_248,121.3,Mobile,500,Twitter
2024-06-12 22:52:10,/compte,user_73,76.6,Desktop,200,Autre
2024-06-12 22:56:54,/aide,user_84,6.4,Mobile,200,Facebook
2024-06-12 23:11:48,/,user_237,18.2,Mobile,200,Autre
2024-06-12 23:20:19,/api/search,user_69,60.5,Mobile,200,Autre
2024-06-12 23:48:26,/panier,user_173,46.9,Desktop,500,Facebook
2024-06-13 00:52:21,/blog/article,user_142,22.0,Desktop,200,Direct
2024-06-13 01:32:41,/produits,user_55,86.2,Mobile,200,Autre
2024-06-13 01:40:10,/,user_131,32.2,Desktop,404,Facebook
2024-06-13 01:41:30,/contact,user_280,3.8,Desktop,200,LinkedIn
2024-06-13 01:42:39,/panier,user_159,9.1,Desktop,404,Direct
2024-06-13 01:50:15,/blog/article,user_190,56.1,Desktop,404,Direct
2024-06-13 01:50:59,/produits/detail,user_21,12.9,Desktop,200,LinkedIn
2024-06-13 02:18:45,/produits/detail,user_54,273.5,Tablet,500,Direct
2024-06-13 03:11:33,/blog/article,user_152,22.6,Desktop,200,Facebook
2024-06-13 03:14:06,/produits,user_73,81.9,Desktop,200,Google
2024-06-13 03:19:13,/compte,user_233,103.0,Desktop,500,Twitter
2024-06-13 04:03:09,/produits/detail,user_155,164.2,Desktop,200,Autre
2024-06-13 04:30:59,/produits,user_120,41.8,Mobile,200,Facebook
2024-06-13 04:33:07,/blog,user_223,2.0,Desktop,200,Autre
2024-06-13 04:48:50,/produits/detail,user_79,31.3,Tablet,200,LinkedIn
2024-06-13 05:18:26,/aide,user_139,8.7,Desktop,500,Twitter
2024-06-13 05:42:58,/panier,user_285,38.4,Mobile,200,LinkedIn
2024-06-13 05:44:38,/produits,user_208,1.1,Mobile,200,Email
2024-06-13 05:47:00,/blog/article,user_48,58.0,Desktop,200,Email
2024-06-13 05:48:47,/aide,user_96,28.0,Mobile,404,Autre
2024-06-13 05:58:12,/,user_11,13.7,Mobile,200,Twitter
2024-06-13 05:59:19,/panier,user_262,0.6,Desktop,200,Autre
2024-06-13 06:10:40,/blog,user_225,11.5,Mobile,200,Email
2024-06-13 06:20:20,/produits/detail,user_138,10.3,Desktop,200,Twitter
2024-06-13 06:26:06,/panier,user_263,33.1,Desktop,200,Email
2024-06-13 06:40:23,/blog,user_205,28.2,Desktop,200,Email
2024-06-13 06:41:31,/produits/detail,user_296,46.1,Desktop,200,LinkedIn
2024-06-13 07:05:20,/panier,user_8,104.9,Desktop,200,Email
2024-06-13 07:16:18,/blog,user_61,19.9,Desktop,404,Google
2024-06-13 07:39:09,/blog,user_16,37.1,Desktop,301,Direct
2024-06-13 08:21:54,/api/search,user_165,34.9,Mobile,200,Twitter
2024-06-13 08:32:44,/panier,user_113,9.0,Mobile,200,Facebook
2024-06-13 08:47:19,/checkout,user_19,25.4,Desktop,200,LinkedIn
2024-06-13 10:04:07,/blog,user_238,53.4,Mobile,200,Google
2024-06-13 10:18:02,/blog/article,user_124,112.8,Desktop,404,Twitter
2024-06-13 12:22:42,/compte,user_24,67.1,Desktop,404,Direct
2024-06-13 13:21:45,/api/search,user_91,28.9,Mobile,200,Twitter
2024-06-13 13:55:03,/compte,user_257,38.3,Desktop,200,Direct
2024-06-13 14:00:01,/contact,user_264,49.7,Desktop,301,Google
2024-06-13 14:19:46,/produits,user_280,72.2,Tablet,200,Facebook
2024-06-13 14:25:43,/produits/detail,user_252,74.4,Mobile,404,Autre
2024-06-13 14:52:20,/checkout,user_105,11.8,Desktop,200,Direct
2024-06-13 15:42:22,/contact,user_196,9.6,Mobile,200,LinkedIn
2024-06-13 16:39:38,/compte,user_135,20.4,Desktop,200,Facebook
2024-06-13 16:54:38,/panier,user_4,44.5,Desktop,200,LinkedIn
2024-06-13 16:55:55,/checkout,user_114,13.4,Desktop,200,Autre
2024-06-13 17:02:22,/blog,user_124,227.9,Desktop,200,Email
2024-06-13 17:07:16,/aide,user_28,10.6,Mobile,301,LinkedIn
2024-06-13 17:20:42,/compte,user_70,70.2,Desktop,301,LinkedIn
2024-06-13 17:47:52,/aide,user_31,2.0,Mobile,301,Autre
2024-06-13 17:52:22,/contact,user_111,18.8,Mobile,404,Autre
2024-06-13 18:08:48,/,user_124,31.3,Tablet,200,LinkedIn
2024-06-13 18:11:22,/blog/article,user_226,14.7,Desktop,301,Facebook
2024-06-13 18:37:10,/produits/detail,user_108,89.6,Mobile,301,LinkedIn
2024-06-13 18:42:14,/blog/article,user_268,40.3,Tablet,200,Direct
2024-06-13 19:10:16,/,user_258,103.6,Tablet,404,Email
2024-06-13 19:19:46,/checkout,user_21,16.3,Desktop,200,Autre
2024-06-13 19:23:12,/produits,user_88,86.3,Mobile,301,Email
2024-06-13 19:58:16,/compte,user_137,5.0,Tablet,301,LinkedIn
2024-06-13 20:09:19,/blog/article,user_192,59.8,Desktop,404,Autre
2024-06-13 20:16:47,/contact,user_26,8.3,Mobile,301,Google
2024-06-13 20:23:54,/checkout,user_20,49.7,Mobile,200,Email
2024-06-13 20:38:27,/aide,user_292,3.4,Desktop,200,Google
2024-06-13 20:57:31,/contact,user_165,1.2,Desktop,200,Email
2024-06-13 21:10:25,/,user_272,11.3,Desktop,500,Direct
2024-06-13 21:26:51,/,user_192,1.7,Tablet,200,Direct
2024-06-13 21:29:54,/blog,user_262,3.0,Desktop,200,Direct
2024-06-13 21:33:51,/,user_219,30.3,Mobile,200,Email
2024-06-13 22:04:36,/produits/detail,user_204,79.4,Desktop,200,Email
2024-06-13 22:06:55,/panier,user_120,64.6,Mobile,404,Direct
2024-06-13 22:22:46,/panier,user_39,28.3,Mobile,500,Email
2024-06-13 22:41:45,/produits,user_231,4.0,Tablet,301,Autre
2024-06-13 23:27:44,/contact,user_150,33.6,Mobile,200,Direct
2024-06-13 23:51:53,/compte,user_268,4.7,Desktop,200,LinkedIn
2024-06-14 00:08:44,/produits/detail,user_47,14.7,Desktop,301,Autre
2024-06-14 00:29:21,/checkout,user_148,11.6,Mobile,301,Direct
2024-06-14 00:32:06,/api/search,user_172,20.1,Tablet,200,Email
2024-06-14 01:06:48,/api/search,user_129,74.8,Mobile,200,Google
2024-06-14 01:33:47,/contact,user_28,25.9,Desktop,404,Google
2024-06-14 01:37:14,/panier,user_295,12.6,Desktop,200,Autre
2024-06-14 01:41:35,/blog,user_118,45.8,Mobile,301,Autre
2024-06-14 01:53:04,/blog/article,user_117,20.8,Tablet,200,Facebook
2024-06-14 02:09:08,/aide,user_136,64.0,Desktop,200,Direct
2024-06-14 02:29:59,/api/search,user_266,0.9,Mobile,404,Autre
2024-06-14 02:49:56,/produits,user_83,2.7,Mobile,301,Autre
2024-06-14 03:21:07,/produits/detail,user_101,112.7,Desktop,200,Direct
2024-06-14 03:39:37,/blog,user_221,62.3,Desktop,404,Autre
2024-06-14 03:41:37,/blog,user_11,0.5,Mobile,301,Twitter
2024-06-14 04:26:01,/checkout,user_229,28.9,Mobile,200,Email
2024-06-14 04:51:33,/panier,user_121,74.8,Mobile,200,Autre
2024-06-14 05:26:12,/produits,user_194,6.3,Mobile,200,Autre
2024-06-14 05:36:54,/contact,user_274,11.4,Mobile,200,Google
2024-06-14 05:37:09,/aide,user_6,24.0,Desktop,200,Autre
2024-06-14 07:18:50,/blog,user_164,86.3,Desktop,404,Facebook
2024-06-14 08:04:02,/api/search,user_166,84.6,Desktop,200,Twitter
2024-06-14 08:51:16,/checkout,user_28,10.3,Desktop,200,Autre
2024-06-14 08:54:10,/compte,user_69,80.2,Desktop,200,LinkedIn
2024-06-14 08:56:46,/compte,user_6,33.1,Mobile,200,Autre
2024-06-14 09:06:55,/blog,user_200,29.5,Desktop,500,Direct
2024-06-14 09:19:47,/produits,user_261,42.2,Desktop,200,Google
2024-06-14 09:24:24,/checkout,user_261,49.5,Desktop,200,Facebook
2024-06-14 09:46:39,/produits/detail,user_123,56.9,Desktop,200,Facebook
2024-06-14 10:02:37,/checkout,user_46,4.8,Mobile,500,Autre
2024-06-14 11:14:03,/compte,user_65,94.8,Tablet,404,Google
2024-06-14 11:17:01,/produits,user_98,112.3,Mobile,200,Twitter
2024-06-14 11:35:12,/produits/detail,user_224,30.3,Mobile,200,LinkedIn
2024-06-14 11:51:19,/contact,user_197,151.0,Desktop,200,Facebook
2024-06-14 12:37:33,/produits/detail,user_50,82.1,Desktop,200,Google
2024-06-14 12:46:48,/api/search,user_109,116.3,Mobile,200,Google
2024-06-14 12:55:06,/compte,user_186,49.1,Mobile,301,Twitter
2024-06-14 14:11:55,/aide,user_12,1.6,Desktop,200,Facebook
2024-06-14 14:13:19,/,user_30,33.0,Desktop,200,Direct
2024-06-14 15:29:06,/aide,user_53,65.4,Mobile,200,Direct
2024-06-14 15:39:43,/panier,user_59,7.1,Mobile,500,Google
2024-06-14 16:14:35,/blog,user_96,49.4,Mobile,301,Twitter
2024-06-14 16:52:35,/compte,user_290,24.4,Mobile,200,Email
2024-06-14 17:09:32,/,user_253,26.3,Desktop,200,Autre
2024-06-14 18:30:39,/compte,user_18,23.4,Desktop,200,LinkedIn
2024-06-14 18:35:57,/api/search,user_154,34.2,Desktop,301,Facebook
2024-06-14 18:59:29,/blog,user_4,0.5,Mobile,404,Twitter
2024-06-14 19:22:36,/blog/article,user_260,0.8,Desktop,500,LinkedIn
2024-06-14 19:24:31,/,user_286,44.2,Mobile,200,Facebook
2024-06-14 19:26:59,/compte,user_10,44.4,Desktop,200,Email
2024-06-14 19:42:04,/,user_177,98.2,Tablet,200,Direct
2024-06-14 19:56:49,/checkout,user_3,0.9,Desktop,404,LinkedIn
2024-06-14 20:05:59,/aide,user_89,13.0,Tablet,200,Direct
2024-06-14 20:13:47,/compte,user_95,91.6,Mobile,200,Facebook
2024-06-14 20:34:48,/,user_128,0.8,Desktop,301,Email
2024-06-14 21:03:41,/produits,user_236,9.1,Mobile,200,LinkedIn
2024-06-14 22:24:55,/blog/article,user_113,14.0,Desktop,200,Google
2024-06-14 22:55:51,/contact,user_294,0.5,Desktop,200,Twitter
2024-06-14 23:09:05,/checkout,user_128,99.2,Mobile,404,Facebook
2024-06-14 23:13:27,/compte,user_272,30.5,Tablet,200,Autre
2024-06-14 23:26:35,/panier,user_36,73.7,Mobile,200,LinkedIn
2024-06-14 23:50:49,/produits,user_151,1.9,Desktop,200,Autre
2024-06-15 00:12:45,/api/search,user_167,11.3,Desktop,404,Facebook
2024-06-15 00:20:49,/panier,user_176,31.5,Mobile,200,Google
2024-06-15 00:39:04,/checkout,user_283,36.3,Desktop,200,Facebook
2024-06-15 00:55:52,/,user_56,18.3,Desktop,301,Direct
2024-06-15 01:00:50,/produits/detail,user_74,8.7,Desktop,301,LinkedIn
2024-06-15 01:05:03,/produits/detail,user_121,30.7,Mobile,200,Email
2024-06-15 01:27:15,/blog,user_13,53.7,Mobile,200,Google
2024-06-15 01:45:13,/checkout,user_200,3.2,Mobile,200,Facebook
2024-06-15 01:54:59,/checkout,user_52,30.6,Tablet,200,Email
2024-06-15 01:56:22,/panier,user_187,96.3,Desktop,200,Facebook
2024-06-15 02:12:30,/contact,user_170,52.2,Desktop,200,Direct
2024-06-15 02:34:27,/blog/article,user_295,34.0,Tablet,200,Autre
2024-06-15 02:39:55,/panier,user_195,28.5,Mobile,200,LinkedIn
2024-06-15 03:17:38,/checkout,user_82,16.4,Mobile,500,LinkedIn
2024-06-15 03:19:03,/aide,user_48,23.5,Desktop,200,Email
2024-06-15 03:50:39,/aide,user_233,5.3,Desktop,200,Google
2024-06-15 04:03:01,/api/search,user_67,41.9,Desktop,200,LinkedIn
2024-06-15 04:21:55,/checkout,user_82,75.4,Desktop,500,Facebook
2024-06-15 04:31:37,/aide,user_15,85.2,Mobile,200,Facebook
2024-06-15 04:43:42,/produits/detail,user_254,23.6,Mobile,404,Google
2024-06-15 05:02:31,/aide,user_190,24.7,Mobile,500,Email
2024-06-15 05:11:41,/api/search,user_24,117.3,Mobile,200,Autre
2024-06-15 05:33:23,/panier,user_70,22.6,Desktop,200,Direct
2024-06-15 06:07:30,/compte,user_249,2.1,Mobile,404,Autre
2024-06-15 06:26:43,/checkout,user_141,15.2,Mobile,200,Autre
2024-06-15 06:32:30,/panier,user_207,14.5,Desktop,500,Twitter
2024-06-15 06:39:56,/produits/detail,user_232,95.9,Desktop,500,Facebook
2024-06-15 07:33:34,/produits/detail,user_66,15.6,Desktop,404,Facebook
2024-06-15 08:56:58,/blog/article,user_58,34.8,Mobile,404,Twitter
2024-06-15 09:08:16,/produits,user_181,92.8,Mobile,200,LinkedIn
2024-06-15 09:20:40,/blog/article,user_234,33.2,Desktop,200,Twitter
2024-06-15 09:27:19,/produits,user_155,17.6,Mobile,500,LinkedIn
2024-06-15 09:37:57,/api/search,user_93,21.3,Desktop,301,LinkedIn
2024-06-15 09:44:24,/produits,user_223,57.3,Tablet,200,Twitter
2024-06-15 09:47:40,/aide,user_95,4.6,Mobile,200,Facebook
2024-06-15 09:57:14,/produits,user_266,32.8,Desktop,200,Google
2024-06-15 10:39:58,/produits,user_207,1.9,Mobile,404,Google
2024-06-15 10:42:49,/produits/detail,user_11,24.5,Desktop,200,Facebook
2024-06-15 11:35:48,/panier,user_133,22.7,Mobile,200,Google
2024-06-15 11:42:37,/produits,user_212,16.0,Desktop,200,Facebook
2024-06-15 13:22:49,/blog,user_89,9.4,Mobile,200,Direct
2024-06-15 13:24:30,/produits,user_110,5.4,Tablet,200,Facebook
2024-06-15 13:31:02,/,user_39,36.5,Desktop,200,Direct
2024-06-15 13:39:03,/blog/article,user_13,50.9,Tablet,200,Facebook
2024-06-15 13:55:27,/checkout,user_55,36.4,Mobile,200,Direct
2024-06-15 13:55:30,/produits/detail,user_201,2.8,Desktop,200,Google
2024-06-15 14:20:03,/panier,user_44,74.8,Mobile,500,Google
2024-06-15 15:06:29,/blog/article,user_179,44.8,Desktop,404,Facebook
2024-06-15 15:50:20,/aide,user_206,135.1,Desktop,200,LinkedIn
2024-06-15 15:57:24,/blog,user_94,115.2,Desktop,200,Email
2024-06-15 16:12:21,/api/search,user_193,9.5,Desktop,200,Email
2024-06-15 16:41:35,/compte,user_283,47.7,Desktop,200,Facebook
2024-06-15 16:44:31,/,user_107,39.6,Desktop,500,Email
2024-06-15 16:56:20,/aide,user_35,46.6,Tablet,404,Email
2024-06-15 17:15:06,/panier,user_284,12.1,Mobile,200,Facebook
2024-06-15 18:58:40,/api/search,user_87,53.2,Mobile,500,Email
2024-06-15 19:25:43,/panier,user_258,104.1,Mobile,500,Direct
2024-06-15 19:31:23,/,user_278,124.6,Mobile,301,Autre
2024-06-15 19:43:42,/panier,user_88,3.2,Desktop,200,Facebook
2024-06-15 19:45:41,/contact,user_63,118.4,Desktop,200,Autre
2024-06-15 19:54:30,/aide,user_270,52.3,Desktop,200,Google
2024-06-15 20:13:29,/compte,user_207,37.1,Tablet,200,Google
2024-06-15 20:42:48,/contact,user_97,37.7,Mobile,301,Google
2024-06-15 20:50:13,/produits/detail,user_240,62.8,Mobile,500,Autre
2024-06-15 21:33:31,/contact,user_165,84.7,Mobile,500,Email
2024-06-15 22:05:34,/blog,user_132,8.0,Desktop,200,Google
2024-06-15 22:14:28,/produits,user_104,62.7,Mobile,404,Twitter
2024-06-15 22:17:40,/produits,user_95,10.2,Desktop,200,LinkedIn
2024-06-15 22:51:56,/aide,user_289,24.3,Desktop,404,Google
2024-06-15 22:55:03,/checkout,user_214,58.1,Desktop,500,LinkedIn
2024-06-15 23:25:18,/aide,user_297,85.2,Mobile,500,Direct
2024-06-16 00:21:54,/checkout,user_69,50.4,Mobile,200,Autre
2024-06-16 01:19:24,/produits/detail,user_296,1.9,Desktop,200,LinkedIn
2024-06-16 02:02:26,/compte,user_217,30.3,Mobile,500,Facebook
2024-06-16 02:10:18,/blog/article,user_43,66.2,Desktop,200,Google
2024-06-16 02:12:50,/,user_249,10.1,Mobile,200,Google
2024-06-16 02:36:24,/contact,user_37,92.1,Mobile,200,Google
2024-06-16 02:54:11,/compte,user_160,14.6,Desktop,200,Autre
2024-06-16 03:18:10,/blog,user_79,5.0,Mobile,200,Direct
2024-06-16 04:07:55,/api/search,user_244,36.4,Mobile,301,LinkedIn
2024-06-16 04:14:16,/produits,user_208,31.4,Desktop,500,Facebook
2024-06-16 05:12:26,/blog/article,user_49,7.2,Desktop,301,Google
2024-06-16 05:14:10,/produits,user_117,56.9,Mobile,200,Email
2024-06-16 05:25:58,/,user_274,153.2,Desktop,404,Direct
2024-06-16 05:39:18,/produits,user_42,31.6,Desktop,200,Twitter
2024-06-16 05:51:08,/contact,user_149,43.6,Tablet,301,Twitter
2024-06-16 06:45:18,/contact,user_95,68.8,Desktop,200,Email
2024-06-16 06:46:48,/,user_222,55.0,Desktop,301,Direct
2024-06-16 07:13:17,/panier,user_30,46.2,Desktop,200,Google
2024-06-16 07:23:36,/panier,user_107,8.0,Desktop,200,Direct
2024-06-16 08:07:52,/api/search,user_33,5.9,Desktop,200,Email
2024-06-16 08:43:34,/produits/detail,user_188,127.0,Mobile,404,Email
2024-06-16 08:44:18,/blog,user_126,6.3,Mobile,500,Facebook
2024-06-16 09:24:35,/panier,user_160,25.0,Mobile,200,Autre
2024-06-16 09:42:47,/contact,user_148,6.2,Desktop,200,Google
2024-06-16 09:43:17,/,user_284,2.8,Mobile,200,Facebook
2024-06-16 10:58:57,/panier,user_65,0.9,Mobile,200,Google
2024-06-16 11:09:29,/produits/detail,user_27,54.3,Mobile,200,Email
2024-06-16 11:22:08,/contact,user_56,25.2,Mobile,301,Facebook
2024-06-16 11:41:31,/produits/detail,user_295,52.2,Mobile,200,Email
2024-06-16 12:11:48,/compte,user_199,49.9,Mobile,200,Twitter
2024-06-16 13:24:28,/panier,user_64,27.4,Desktop,200,Autre
2024-06-16 14:10:39,/produits,user_231,202.4,Desktop,200,Direct
2024-06-16 14:30:29,/contact,user_209,14.0,Mobile,200,Autre
2024-06-16 14:35:29,/blog/article,user_248,16.4,Mobile,200,Autre
2024-06-16 14:58:24,/blog,user_85,221.7,Mobile,301,Google
2024-06-16 15:36:25,/contact,user_191,8.2,Mobile,200,Twitter
2024-06-16 15:44:08,/produits/detail,user_300,52.4,Desktop,500,Autre
2024-06-16 15:57:02,/aide,user_96,3.4,Desktop,301,Facebook
2024-06-16 16:02:32,/,user_58,16.7,Desktop,200,Autre
2024-06-16 16:05:21,/aide,user_164,138.1,Mobile,200,Autre
2024-06-16 16:10:42,/api/search,user_277,42.8,Desktop,200,Email
2024-06-16 16:59:51,/blog,user_69,61.5,Mobile,404,LinkedIn
2024-06-16 17:34:35,/contact,user_298,43.2,Desktop,404,Google
2024-06-16 17:51:02,/blog,user_135,10.6,Desktop,200,LinkedIn
2024-06-16 17:54:57,/aide,user_238,28.1,Mobile,200,Direct
2024-06-16 18:13:27,/checkout,user_19,19.9,Mobile,200,Twitter
2024-06-16 18:45:53,/checkout,user_32,19.4,Desktop,301,Google
2024-06-16 18:46:17,/panier,user_133,58.2,Desktop,200,LinkedIn
2024-06-16 19:34:18,/contact,user_191,51.4,Mobile,200,LinkedIn
2024-06-16 19:38:40,/,user_61,14.5,Mobile,500,Email
2024-06-16 19:59:33,/panier,user_140,44.5,Mobile,200,Autre
2024-06-16 20:26:18,/blog/article,user_80,81.2,Mobile,200,Autre
2024-06-16 20:27:07,/checkout,user_189,32.7,Desktop,200,Email
2024-06-16 20:39:00,/api/search,user_109,58.7,Tablet,500,Autre
2024-06-16 20:49:08,/aide,user_157,106.0,Desktop,301,Autre
2024-06-16 20:50:20,/produits/detail,user_297,131.2,Tablet,200,Direct
2024-06-16 21:03:51,/blog/article,user_252,18.3,Desktop,200,LinkedIn
2024-06-16 21:14:57,/checkout,user_117,6.8,Mobile,500,Email
2024-06-16 21:29:47,/aide,user_49,31.3,Desktop,404,Autre
2024-06-16 21:57:49,/contact,user_280,13.6,Mobile,200,LinkedIn
2024-06-16 22:15:16,/,user_112,19.2,Desktop,200,Google
2024-06-16 22:46:11,/checkout,user_228,2.5,Mobile,200,Direct
2024-06-16 22:59:59,/produits,user_137,10.4,Mobile,500,Autre
2024-06-16 23:41:45,/contact,user_195,8.4,Desktop,200,Twitter
2024-06-16 23:53:02,/api/search,user_24,62.6,Desktop,404,Direct
2024-06-17 00:38:34,/produits,user_20,3.9,Tablet,200,Twitter
2024-06-17 00:41:03,/produits/detail,user_85,79.6,Mobile,200,Facebook
2024-06-17 00:58:41,/produits,user_94,18.7,Mobile,404,Google
2024-06-17 01:12:25,/,user_12,19.6,Desktop,200,Email
2024-06-17 01:31:37,/api/search,user_55,2.6,Mobile,200,Direct
2024-06-17 01:40:40,/produits,user_36,69.7,Desktop,200,LinkedIn
2024-06-17 02:05:28,/compte,user_31,97.2,Desktop,200,Facebook
2024-06-17 02:49:34,/produits,user_282,24.4,Desktop,200,LinkedIn
2024-06-17 02:51:18,/contact,user_157,75.9,Mobile,200,Autre
2024-06-17 03:32:06,/checkout,user_130,137.7,Mobile,500,Twitter
2024-06-17 03:59:13,/panier,user_133,62.0,Desktop,200,Direct
2024-06-17 04:17:01,/checkout,user_27,4.5,Desktop,200,Google
2024-06-17 04:18:31,/compte,user_284,2.3,Desktop,200,Facebook
2024-06-17 04:19:48,/compte,user_55,44.6,Desktop,200,LinkedIn
2024-06-17 05:03:32,/panier,user_256,22.1,Tablet,301,Email
2024-06-17 05:07:46,/,user_229,117.8,Mobile,200,Email
2024-06-17 05:30:07,/aide,user_193,30.1,Desktop,200,Facebook
2024-06-17 05:44:03,/blog,user_172,248.7,Mobile,500,Facebook
2024-06-17 08:14:16,/panier,user_279,92.8,Desktop,200,Facebook
2024-06-17 08:15:30,/blog,user_300,67.7,Desktop,200,Direct
2024-06-17 08:24:46,/contact,user_90,20.0,Tablet,200,Facebook
2024-06-17 08:43:16,/produits,user_251,34.2,Tablet,200,Facebook
2024-06-17 08:57:57,/api/search,user_144,18.7,Mobile,404,Facebook
2024-06-17 08:59:54,/panier,user_275,8.9,Desktop,200,Autre
2024-06-17 09:00:02,/panier,user_12,7.8,Desktop,200,Direct
2024-06-17 09:04:41,/api/search,user_242,36.5,Tablet,404,Autre
2024-06-17 09:26:34,/aide,user_40,122.2,Desktop,200,Direct
2024-06-17 10:38:38,/aide,user_4,89.1,Tablet,200,Direct
2024-06-17 10:51:04,/panier,user_257,44.2,Mobile,301,Email
2024-06-17 10:55:18,/blog,user_244,1.4,Mobile,200,Email
2024-06-17 10:57:52,/compte,user_131,85.5,Desktop,200,Direct
2024-06-17 11:06:07,/contact,user_272,29.0,Mobile,404,Facebook
2024-06-17 12:02:45,/,user_149,2.7,Mobile,200,Direct
2024-06-17 12:28:13,/blog,user_278,144.9,Mobile,200,Google
2024-06-17 13:38:20,/,user_247,5.2,Desktop,200,LinkedIn
2024-06-17 13:41:55,/checkout,user_90,10.1,Desktop,200,Email
2024-06-17 13:45:33,/produits/detail,user_131,13.1,Mobile,404,Autre
2024-06-17 14:03:03,/blog/article,user_82,38.4,Mobile,200,Autre
2024-06-17 14:36:31,/produits/detail,user_178,36.2,Mobile,500,Facebook
2024-06-17 14:39:29,/aide,user_141,27.7,Tablet,200,Autre
2024-06-17 15:11:40,/compte,user_138,122.5,Desktop,404,Email
2024-06-17 15:45:30,/panier,user_152,3.9,Desktop,200,Facebook
2024-06-17 16:40:28,/panier,user_296,221.4,Desktop,500,Twitter
2024-06-17 16:50:49,/compte,user_128,68.9,Desktop,301,Email
2024-06-17 17:37:06,/produits,user_242,22.5,Mobile,200,Email
2024-06-17 18:10:07,/compte,user_196,25.8,Desktop,500,Email
2024-06-17 18:21:51,/api/search,user_175,57.9,Desktop,200,Twitter
2024-06-17 19:42:27,/blog/article,user_165,17.4,Mobile,301,Direct
2024-06-17 19:57:17,/produits,user_52,12.7,Desktop,200,LinkedIn
2024-06-17 20:02:13,/aide,user_90,20.9,Mobile,301,Autre
2024-06-17 20:16:54,/checkout,user_57,31.1,Tablet,200,Email
2024-06-17 20:41:13,/checkout,user_85,14.4,Desktop,500,Direct
2024-06-17 21:01:18,/aide,user_122,116.8,Desktop,500,Autre
2024-06-17 21:31:16,/api/search,user_25,66.6,Desktop,404,Google
2024-06-17 22:16:09,/blog,user_272,8.9,Mobile,200,Autre
2024-06-17 22:32:13,/blog/article,user_271,26.6,Mobile,404,Twitter
2024-06-17 22:33:59,/compte,user_232,8.1,Mobile,200,LinkedIn
2024-06-17 22:34:29,/checkout,user_148,62.2,Desktop,500,Direct
2024-06-17 22:44:14,/blog,user_194,15.0,Desktop,500,Autre
2024-06-18 00:12:09,/,user_55,19.6,Mobile,404,Direct
2024-06-18 00:41:22,/blog/article,user_132,13.2,Mobile,500,Google
2024-06-18 01:23:25,/,user_175,70.8,Mobile,404,Google
2024-06-18 01:24:49,/aide,user_132,85.1,Mobile,200,LinkedIn
2024-06-18 01:31:25,/,user_131,88.9,Mobile,404,Autre
2024-06-18 01:43:52,/aide,user_99,1.7,Tablet,200,Twitter
2024-06-18 01:50:11,/blog/article,user_27,51.9,Mobile,404,LinkedIn
2024-06-18 01:59:27,/blog,user_257,8.4,Desktop,200,LinkedIn
2024-06-18 02:01:43,/compte,user_114,24.9,Mobile,200,LinkedIn
2024-06-18 02:13:59,/compte,user_287,72.8,Mobile,500,Email
2024-06-18 02:35:21,/blog,user_133,28.8,Desktop,404,Autre
2024-06-18 02:50:22,/checkout,user_171,67.0,Mobile,500,Google
2024-06-18 03:32:33,/panier,user_31,44.3,Mobile,301,Autre
2024-06-18 04:12:23,/aide,user_69,4.9,Tablet,200,Twitter
2024-06-18 04:27:38,/blog/article,user_1,35.4,Desktop,200,LinkedIn
2024-06-18 04:39:56,/aide,user_239,23.8,Desktop,200,Twitter
2024-06-18 05:09:02,/aide,user_23,36.1,Desktop,200,Direct
2024-06-18 05:11:13,/panier,user_61,70.3,Desktop,404,Google
2024-06-18 05:13:39,/compte,user_149,1.9,Mobile,404,Autre
2024-06-18 05:33:28,/produits/detail,user_163,102.5,Mobile,200,Email
2024-06-18 05:41:41,/,user_270,3.0,Desktop,200,Autre
2024-06-18 05:47:16,/produits/detail,user_221,31.2,Mobile,200,Facebook
2024-06-18 06:30:13,/produits,user_70,10.3,Mobile,500,Facebook
2024-06-18 07:04:55,/produits/detail,user_73,3.7,Tablet,500,Google
2024-06-18 07:05:48,/produits/detail,user_183,69.3,Desktop,200,Email
2024-06-18 08:57:33,/produits/detail,user_104,146.0,Desktop,200,Email
2024-06-18 09:13:52,/blog,user_190,64.9,Desktop,301,Twitter
2024-06-18 09:41:26,/blog,user_268,80.0,Mobile,200,Email
2024-06-18 10:11:24,/checkout,user_275,11.5,Desktop,200,Email
2024-06-18 10:22:13,/contact,user_277,21.7,Desktop,200,Google
2024-06-18 11:33:14,/blog,user_172,20.4,Desktop,404,Direct
2024-06-18 11:35:16,/panier,user_74,59.1,Desktop,404,Facebook
2024-06-18 11:50:47,/aide,user_196,18.1,Mobile,500,Twitter
2024-06-18 12:03:59,/produits/detail,user_48,0.7,Mobile,301,Direct
2024-06-18 12:51:46,/blog,user_110,28.4,Desktop,500,Facebook
2024-06-18 12:57:09,/aide,user_100,29.2,Desktop,200,LinkedIn
2024-06-18 13:43:11,/panier,user_234,161.5,Desktop,200,Email
2024-06-18 13:47:40,/checkout,user_25,130.2,Desktop,200,Facebook
2024-06-18 14:05:14,/checkout,user_80,125.8,Desktop,200,Autre
2024-06-18 14:12:29,/blog,user_300,26.7,Mobile,200,Email
2024-06-18 14:36:28,/panier,user_226,37.9,Desktop,200,Google
2024-06-18 14:57:01,/blog,user_40,102.2,Mobile,200,LinkedIn
2024-06-18 15:16:39,/panier,user_7,21.8,Desktop,200,Google
2024-06-18 15:34:42,/compte,user_167,6.4,Mobile,200,Direct
2024-06-18 15:40:32,/aide,user_232,32.4,Mobile,404,Direct
2024-06-18 15:43:56,/panier,user_296,35.0,Mobile,301,Twitter
2024-06-18 15:50:25,/produits,user_256,16.0,Desktop,200,Google
2024-06-18 16:16:45,/blog/article,user_265,43.4,Desktop,200,Facebook
2024-06-18 18:07:27,/panier,user_60,2.2,Tablet,500,Autre
2024-06-18 18:37:52,/contact,user_197,37.8,Mobile,200,Facebook
2024-06-18 18:42:18,/blog,user_55,1.4,Desktop,200,Facebook
2024-06-18 19:13:31,/aide,user_158,6.3,Mobile,200,Facebook
2024-06-18 19:18:52,/api/search,user_183,4.1,Mobile,200,Facebook
2024-06-18 20:05:01,/checkout,user_240,7.1,Desktop,200,Autre
2024-06-18 20:09:14,/compte,user_266,2.1,Mobile,200,Direct
2024-06-18 20:24:41,/compte,user_100,112.6,Desktop,200,Direct
2024-06-18 21:02:02,/contact,user_298,73.2,Mobile,200,Twitter
2024-06-18 21:06:10,/,user_149,109.3,Tablet,200,Google
2024-06-18 21:10:18,/panier,user_144,101.7,Desktop,500,Email
2024-06-18 21:37:58,/compte,user_211,32.9,Desktop,200,Email
2024-06-18 21:46:57,/contact,user_81,15.1,Desktop,200,Facebook
2024-06-18 22:32:17,/,user_79,8.8,Mobile,200,Google
2024-06-18 23:05:28,/aide,user_127,17.8,Desktop,200,Autre
2024-06-18 23:43:52,/,user_25,2.1,Desktop,301,LinkedIn
2024-06-18 23:55:07,/contact,user_242,14.2,Tablet,404,LinkedIn
2024-06-19 00:14:12,/api/search,user_251,5.8,Desktop,500,Google
2024-06-19 00:56:04,/api/search,user_26,12.5,Tablet,500,Autre
2024-06-19 01:32:49,/blog,user_133,35.7,Mobile,301,LinkedIn
2024-06-19 02:50:49,/produits,user_300,36.5,Desktop,200,Direct
2024-06-19 02:59:23,/produits/detail,user_190,28.9,Mobile,200,Email
2024-06-19 03:46:59,/,user_180,22.0,Desktop,404,Google
2024-06-19 03:58:53,/produits/detail,user_6,20.2,Desktop,200,Google
2024-06-19 04:58:43,/contact,user_129,99.6,Desktop,200,Autre
2024-06-19 05:02:21,/,user_228,86.6,Mobile,200,Email
2024-06-19 05:14:16,/blog/article,user_68,133.8,Desktop,200,Google
2024-06-19 06:12:34,/produits,user_292,68.6,Desktop,200,Google
2024-06-19 06:24:41,/blog,user_125,4.5,Mobile,200,Facebook
2024-06-19 06:27:45,/aide,user_141,60.7,Mobile,404,Email
2024-06-19 06:54:36,/,user_155,18.7,Desktop,500,Direct
2024-06-19 07:50:46,/blog/article,user_179,65.4,Desktop,301,Direct
2024-06-19 08:18:52,/compte,user_226,45.4,Mobile,200,Direct
2024-06-19 09:22:48,/contact,user_17,7.3,Mobile,200,Google
2024-06-19 10:14:38,/produits/detail,user_144,23.9,Desktop,200,Twitter
2024-06-19 10:16:55,/api/search,user_130,39.1,Mobile,200,Autre
2024-06-19 10:33:31,/compte,user_124,28.5,Mobile,301,Facebook
2024-06-19 10:38:26,/blog,user_101,17.7,Mobile,301,Facebook
2024-06-19 10:46:19,/produits/detail,user_150,11.5,Mobile,200,Facebook
2024-06-19 11:18:34,/produits,user_1,10.9,Mobile,301,Direct
2024-06-19 12:14:10,/blog,user_122,0.7,Desktop,200,Google
2024-06-19 13:05:05,/blog/article,user_81,63.9,Mobile,200,Facebook
2024-06-19 13:32:08,/compte,user_286,10.0,Mobile,200,Twitter
2024-06-19 14:20:17,/produits,user_73,99.5,Mobile,404,Google
2024-06-19 15:03:41,/produits,user_148,58.0,Desktop,200,Facebook
2024-06-19 15:11:46,/aide,user_204,27.2,Desktop,404,Direct
2024-06-19 15:56:33,/produits/detail,user_182,4.5,Mobile,301,Email
2024-06-19 15:56:47,/contact,user_195,65.2,Desktop,200,LinkedIn
2024-06-19 16:35:32,/api/search,user_25,175.0,Mobile,200,Direct
2024-06-19 16:37:39,/panier,user_250,10.5,Desktop,301,Autre
2024-06-19 16:59:05,/produits/detail,user_206,32.0,Mobile,200,LinkedIn
2024-06-19 17:12:53,/aide,user_13,69.9,Mobile,404,Autre
2024-06-19 17:30:49,/produits,user_238,24.9,Desktop,200,Facebook
2024-06-19 17:59:42,/produits,user_6,76.6,Mobile,200,Facebook
2024-06-19 19:24:51,/produits,user_106,38.0,Desktop,200,Autre
2024-06-19 19:42:09,/panier,user_207,74.5,Mobile,200,Facebook
2024-06-19 20:07:37,/produits/detail,user_43,73.9,Mobile,200,Email
2024-06-19 20:21:27,/blog/article,user_206,118.5,Desktop,200,Email
2024-06-19 20:21:50,/produits/detail,user_292,111.2,Tablet,500,Email
2024-06-19 20:32:07,/contact,user_236,33.8,Mobile,404,Twitter
2024-06-19 22:07:03,/blog/article,user_216,28.4,Mobile,200,LinkedIn
2024-06-19 22:07:13,/checkout,user_295,9.1,Desktop,301,Google
2024-06-19 22:08:49,/aide,user_52,34.7,Desktop,301,Twitter
2024-06-19 22:17:05,/panier,user_191,23.1,Tablet,200,Direct
2024-06-19 22:49:21,/api/search,user_207,98.8,Desktop,301,LinkedIn
2024-06-19 23:15:42,/contact,user_85,29.4,Tablet,200,Autre
2024-06-19 23:21:56,/compte,user_93,18.5,Desktop,200,Direct
2024-06-19 23:34:42,/contact,user_214,14.5,Tablet,200,Google
2024-06-19 23:48:12,/compte,user_188,46.7,Desktop,200,Email
2024-06-19 23:59:19,/blog,user_218,109.6,Desktop,200,Email
2024-06-19 23:59:49,/panier,user_100,104.3,Mobile,200,Facebook
2024-06-20 00:50:05,/contact,user_245,2.3,Mobile,200,Twitter
2024-06-20 01:23:28,/blog,user_113,43.1,Mobile,200,Facebook
2024-06-20 01:28:52,/produits/detail,user_207,28.0,Mobile,500,Autre
2024-06-20 01:51:48,/compte,user_154,55.5,Mobile,200,Facebook
2024-06-20 02:10:36,/blog,user_21,54.2,Desktop,200,Google
2024-06-20 02:17:37,/api/search,user_188,18.4,Desktop,500,Google
2024-06-20 02:25:36,/compte,user_145,25.7,Desktop,200,Facebook
2024-06-20 02:26:24,/compte,user_271,22.4,Mobile,301,Twitter
2024-06-20 02:37:47,/compte,user_280,27.1,Mobile,200,Email
2024-06-20 02:52:08,/blog/article,user_37,49.9,Desktop,200,Direct
2024-06-20 03:16:46,/blog/article,user_145,110.9,Mobile,200,Direct
2024-06-20 03:32:27,/api/search,user_271,7.2,Desktop,500,Direct
2024-06-20 03:46:33,/,user_99,120.2,Mobile,404,Email
2024-06-20 04:09:44,/blog/article,user_202,19.5,Desktop,404,LinkedIn
2024-06-20 05:04:54,/panier,user_109,38.1,Tablet,200,Autre
2024-06-20 05:21:58,/produits/detail,user_236,7.2,Desktop,200,Facebook
2024-06-20 05:37:24,/panier,user_90,4.5,Desktop,200,LinkedIn
2024-06-20 05:39:32,/blog/article,user_15,70.5,Desktop,301,LinkedIn
2024-06-20 05:46:53,/produits,user_215,209.6,Mobile,200,Twitter
2024-06-20 06:30:55,/,user_221,3.6,Desktop,200,Twitter
2024-06-20 07:17:42,/blog,user_54,36.1,Desktop,200,Google
2024-06-20 07:56:30,/checkout,user_275,87.1,Desktop,200,Google
2024-06-20 08:09:57,/,user_187,118.0,Desktop,500,Email
2024-06-20 08:15:10,/produits/detail,user_235,23.0,Desktop,200,Google
2024-06-20 08:17:18,/,user_135,100.1,Tablet,200,Twitter
2024-06-20 08:28:54,/contact,user_275,5.1,Mobile,404,Facebook
2024-06-20 08:59:10,/contact,user_74,126.6,Desktop,404,Email
2024-06-20 09:00:03,/produits,user_134,40.9,Tablet,200,Twitter
2024-06-20 09:12:50,/panier,user_293,28.9,Mobile,301,Email
2024-06-20 09:49:15,/blog/article,user_264,30.8,Desktop,200,Facebook
2024-06-20 09:51:35,/aide,user_291,3.8,Desktop,200,Twitter
2024-06-20 10:09:33,/checkout,user_262,5.7,Mobile,500,Email
2024-06-20 10:15:15,/produits/detail,user_67,3.6,Desktop,500,Email
2024-06-20 10:45:10,/produits/detail,user_59,1.1,Mobile,404,Direct
2024-06-20 10:54:27,/contact,user_15,8.2,Desktop,200,Twitter
2024-06-20 11:02:47,/compte,user_85,1.8,Desktop,200,Autre
2024-06-20 11:05:53,/checkout,user_294,26.9,Desktop,200,Google
2024-06-20 11:28:26,/produits/detail,user_162,22.3,Mobile,200,Google
2024-06-20 11:34:21,/compte,user_89,87.4,Mobile,301,Facebook
2024-06-20 11:41:50,/panier,user_117,46.9,Desktop,200,Facebook
2024-06-20 11:42:43,/produits,user_300,7.4,Tablet,500,Direct
2024-06-20 11:44:30,/contact,user_151,79.3,Desktop,200,Google
2024-06-20 11:57:36,/blog,user_200,34.9,Desktop,200,Google
2024-06-20 12:01:06,/aide,user_28,13.5,Desktop,200,Twitter
2024-06-20 12:02:43,/checkout,user_205,67.1,Mobile,200,Twitter
2024-06-20 12:44:01,/blog/article,user_124,5.7,Mobile,301,Twitter
2024-06-20 13:18:30,/,user_274,1.8,Tablet,200,Google
2024-06-20 13:27:25,/,user_293,44.9,Tablet,301,Google
2024-06-20 13:47:04,/aide,user_67,19.0,Mobile,200,LinkedIn
2024-06-20 14:09:02,/blog,user_273,27.2,Mobile,200,Twitter
2024-06-20 14:21:42,/,user_33,97.3,Mobile,200,Facebook
2024-06-20 14:42:05,/panier,user_112,23.4,Desktop,200,LinkedIn
2024-06-20 15:01:03,/produits/detail,user_2,76.1,Desktop,301,LinkedIn
2024-06-20 15:01:32,/,user_184,181.7,Desktop,500,Autre
2024-06-20 15:11:08,/aide,user_227,2.5,Desktop,200,Twitter
2024-06-20 15:12:09,/aide,user_67,9.2,Mobile,404,Facebook
2024-06-20 15:18:45,/produits/detail,user_10,13.9,Mobile,500,Direct
2024-06-20 15:20:12,/blog,user_62,6.6,Mobile,200,Email
2024-06-20 15:44:38,/produits/detail,user_134,51.3,Desktop,301,Direct
2024-06-20 16:46:56,/aide,user_214,27.1,Desktop,404,Email
2024-06-20 16:56:11,/aide,user_79,172.5,Desktop,301,Facebook
2024-06-20 17:06:01,/compte,user_255,63.6,Mobile,200,Facebook
2024-06-20 17:09:50,/checkout,user_108,4.6,Mobile,200,Google
2024-06-20 17:25:41,/blog/article,user_241,3.3,Mobile,404,Facebook
2024-06-20 17:41:27,/checkout,user_75,0.5,Desktop,200,Direct
2024-06-20 17:46:40,/,user_40,112.6,Tablet,500,Autre
2024-06-20 18:47:12,/produits,user_254,8.2,Desktop,200,Email
2024-06-20 18:50:18,/blog,user_292,0.6,Tablet,200,Email
2024-06-20 18:51:30,/aide,user_243,18.9,Desktop,200,Facebook
2024-06-20 19:30:52,/api/search,user_192,163.4,Desktop,200,Direct
2024-06-20 19:49:07,/,user_28,37.1,Desktop,200,Email
2024-06-20 20:16:20,/compte,user_72,65.6,Tablet,200,Autre
2024-06-20 20:22:24,/api/search,user_231,25.7,Mobile,500,LinkedIn
2024-06-20 21:03:38,/checkout,user_86,11.9,Mobile,200,Twitter
2024-06-20 21:27:40,/checkout,user_272,1.4,Desktop,200,Autre
2024-06-20 21:32:43,/produits,user_283,16.2,Mobile,200,Email
2024-06-20 21:35:53,/compte,user_41,31.7,Desktop,301,LinkedIn
2024-06-20 22:01:36,/panier,user_15,6.7,Mobile,200,Twitter
2024-06-20 22:02:55,/blog,user_295,67.3,Mobile,200,Autre
2024-06-20 22:06:42,/produits,user_7,70.8,Mobile,200,Facebook
2024-06-20 22:07:02,/blog/article,user_117,6.0,Tablet,301,Direct
2024-06-20 22:16:55,/panier,user_22,17.2,Desktop,404,Direct
2024-06-20 22:20:35,/produits,user_151,31.7,Desktop,200,Facebook
2024-06-20 22:36:16,/api/search,user_65,39.0,Desktop,301,Facebook
2024-06-20 22:46:29,/api/search,user_71,60.4,Tablet,301,Facebook
2024-06-20 22:47:43,/blog,user_125,27.6,Desktop,301,Direct
2024-06-20 23:28:40,/checkout,user_136,49.8,Mobile,200,Autre
2024-06-20 23:56:42,/produits/detail,user_52,72.3,Mobile,200,LinkedIn
2024-06-21 00:20:35,/blog/article,user_147,13.0,Desktop,301,LinkedIn
2024-06-21 01:47:31,/api/search,user_106,12.0,Desktop,200,Autre
2024-06-21 02:28:00,/produits/detail,user_36,9.9,Mobile,200,Google
2024-06-21 03:00:58,/aide,user_285,4.8,Mobile,404,Google
2024-06-21 03:16:54,/aide,user_52,18.0,Desktop,200,Autre
2024-06-21 03:43:35,/produits,user_273,23.7,Tablet,500,LinkedIn
2024-06-21 05:01:41,/produits/detail,user_77,225.3,Desktop,200,Facebook
2024-06-21 05:05:10,/api/search,user_203,35.7,Mobile,200,Autre
2024-06-21 06:01:20,/blog/article,user_256,15.9,Tablet,200,Google
2024-06-21 06:07:32,/blog,user_293,17.0,Desktop,200,Email
2024-06-21 06:25:44,/aide,user_88,26.4,Mobile,200,Email
2024-06-21 06:27:01,/produits/detail,user_103,9.5,Desktop,500,Facebook
2024-06-21 06:30:11,/produits/detail,user_184,11.1,Mobile,404,LinkedIn
2024-06-21 06:38:00,/,user_41,18.5,Desktop,200,Facebook
2024-06-21 06:39:36,/,user_227,10.9,Desktop,200,Twitter
2024-06-21 06:59:17,/,user_243,91.9,Tablet,404,Facebook
2024-06-21 07:25:32,/produits,user_205,3.9,Desktop,200,Google
2024-06-21 08:25:19,/produits,user_56,43.8,Mobile,200,Direct
2024-06-21 08:50:14,/produits,user_29,55.8,Desktop,301,Google
2024-06-21 08:58:29,/blog/article,user_104,6.8,Desktop,404,Direct
2024-06-21 09:05:25,/panier,user_198,25.0,Mobile,200,Facebook
2024-06-21 09:45:03,/produits,user_44,10.7,Mobile,200,Email
2024-06-21 10:39:49,/blog/article,user_71,16.7,Desktop,301,Autre
2024-06-21 10:58:32,/blog,user_172,105.0,Desktop,200,Facebook
2024-06-21 10:59:37,/produits,user_189,108.3,Desktop,200,Email
2024-06-21 11:02:12,/compte,user_296,9.8,Mobile,200,LinkedIn
2024-06-21 11:21:32,/produits/detail,user_84,32.8,Desktop,200,Email
2024-06-21 11:22:28,/api/search,user_223,17.4,Desktop,200,Google
2024-06-21 11:22:48,/api/search,user_24,0.5,Desktop,404,Twitter
2024-06-21 11:29:51,/produits,user_252,34.4,Tablet,200,Facebook
2024-06-21 11:52:52,/contact,user_276,111.0,Mobile,404,LinkedIn
2024-06-21 12:42:03,/checkout,user_135,39.8,Desktop,200,Google
2024-06-21 12:45:15,/produits/detail,user_30,7.7,Mobile,301,Google
2024-06-21 14:59:04,/checkout,user_140,44.6,Mobile,301,Google
2024-06-21 15:08:34,/compte,user_89,13.2,Desktop,301,Facebook
2024-06-21 15:58:43,/produits,user_193,0.6,Desktop,200,Direct
2024-06-21 16:33:27,/contact,user_12,6.3,Desktop,200,Twitter
2024-06-21 16:41:52,/aide,user_223,30.3,Desktop,500,Google
2024-06-21 16:50:58,/panier,user_84,65.2,Desktop,200,Facebook
2024-06-21 16:52:47,/checkout,user_74,42.0,Desktop,301,Facebook
2024-06-21 18:07:51,/,user_56,137.1,Mobile,200,Autre
2024-06-21 18:19:50,/blog,user_106,70.2,Desktop,200,Twitter
2024-06-21 18:46:51,/contact,user_53,13.6,Mobile,404,Direct
2024-06-21 18:46:52,/compte,user_14,85.7,Desktop,200,Google
2024-06-21 18:47:41,/checkout,user_37,65.4,Desktop,301,Facebook
2024-06-21 18:57:54,/checkout,user_9,50.0,Mobile,404,Twitter
2024-06-21 19:49:05,/contact,user_63,33.9,Mobile,301,LinkedIn
2024-06-21 19:51:41,/panier,user_158,50.9,Desktop,200,Twitter
2024-06-21 20:24:15,/produits,user_169,131.8,Mobile,200,Google
2024-06-21 20:49:53,/blog/article,user_208,54.6,Tablet,404,Facebook
2024-06-21 20:59:59,/checkout,user_175,39.9,Desktop,200,LinkedIn
2024-06-21 21:05:48,/produits,user_229,61.4,Desktop,200,Facebook
2024-06-21 21:13:17,/produits,user_188,15.5,Mobile,200,Google
2024-06-21 22:42:11,/panier,user_78,25.4,Desktop,301,Google
2024-06-21 22:46:11,/aide,user_12,15.0,Mobile,500,Direct
2024-06-21 22:57:33,/produits/detail,user_76,0.5,Mobile,200,Direct
2024-06-21 23:03:52,/produits/detail,user_227,10.4,Desktop,200,Facebook
2024-06-21 23:04:49,/api/search,user_14,9.0,Desktop,301,Google
2024-06-21 23:20:01,/api/search,user_156,89.1,Desktop,301,LinkedIn
2024-06-21 23:53:04,/blog,user_212,0.6,Desktop,200,LinkedIn
2024-06-22 00:18:27,/api/search,user_200,4.3,Desktop,200,LinkedIn
2024-06-22 00:25:22,/compte,user_21,239.3,Desktop,500,LinkedIn
2024-06-22 01:08:24,/produits,user_26,143.7,Mobile,200,Google
2024-06-22 01:26:47,/,user_155,13.2,Desktop,200,Google
2024-06-22 01:29:57,/checkout,user_33,174.4,Mobile,200,Twitter
2024-06-22 02:30:39,/checkout,user_274,68.0,Mobile,500,Direct
2024-06-22 03:12:46,/produits/detail,user_112,8.9,Desktop,200,LinkedIn
2024-06-22 03:45:45,/api/search,user_166,6.7,Mobile,200,Facebook
2024-06-22 03:51:02,/panier,user_238,75.3,Mobile,404,Direct
2024-06-22 04:06:54,/produits/detail,user_92,9.1,Desktop,200,LinkedIn
2024-06-22 05:04:42,/checkout,user_96,50.1,Desktop,404,Direct
2024-06-22 05:20:33,/aide,user_161,9.0,Desktop,301,Autre
2024-06-22 05:21:19,/checkout,user_23,38.1,Desktop,200,Email
2024-06-22 05:31:32,/contact,user_106,57.7,Mobile,301,LinkedIn
2024-06-22 05:41:42,/aide,user_224,3.7,Mobile,200,Twitter
2024-06-22 06:00:03,/compte,user_290,147.1,Desktop,200,Direct
2024-06-22 06:09:31,/contact,user_203,37.2,Desktop,500,Facebook
2024-06-22 06:45:34,/aide,user_106,15.6,Desktop,200,Email
2024-06-22 07:19:20,/,user_226,12.7,Desktop,200,Twitter
2024-06-22 08:36:09,/blog,user_236,105.0,Desktop,200,Twitter
2024-06-22 08:55:21,/blog,user_294,1.7,Mobile,404,Autre
2024-06-22 09:27:35,/produits/detail,user_241,18.7,Mobile,200,Direct
2024-06-22 09:46:15,/produits,user_63,25.1,Mobile,500,Facebook
2024-06-22 10:11:56,/checkout,user_190,47.1,Desktop,404,Direct
2024-06-22 10:14:39,/produits,user_57,37.5,Mobile,301,Direct
2024-06-22 10:31:14,/blog,user_237,13.6,Mobile,200,Facebook
2024-06-22 11:11:17,/contact,user_106,54.7,Desktop,404,Direct
2024-06-22 11:12:07,/checkout,user_153,6.7,Mobile,301,Twitter
2024-06-22 11:31:52,/api/search,user_183,43.5,Desktop,200,Direct
2024-06-22 11:42:54,/api/search,user_100,45.3,Mobile,500,Google
2024-06-22 13:41:27,/checkout,user_70,42.1,Mobile,500,Facebook
2024-06-22 13:51:21,/,user_182,28.4,Tablet,500,Facebook
2024-06-22 14:04:26,/produits,user_52,6.4,Desktop,200,Email
2024-06-22 14:15:29,/blog/article,user_65,15.7,Mobile,200,LinkedIn
2024-06-22 14:21:59,/produits,user_47,83.0,Mobile,200,LinkedIn
2024-06-22 15:05:44,/contact,user_263,10.3,Mobile,200,Google
2024-06-22 16:28:07,/blog/article,user_26,74.2,Desktop,200,Google
2024-06-22 16:32:10,/api/search,user_63,12.4,Mobile,500,LinkedIn
2024-06-22 16:59:39,/compte,user_127,5.5,Mobile,500,Facebook
2024-06-22 18:11:06,/blog,user_132,105.3,Mobile,404,Email
2024-06-22 18:37:14,/panier,user_14,40.5,Desktop,200,Facebook
2024-06-22 18:55:10,/contact,user_27,29.4,Mobile,200,LinkedIn
2024-06-22 19:07:40,/api/search,user_226,15.6,Mobile,404,Direct
2024-06-22 19:16:20,/produits/detail,user_115,5.5,Desktop,200,Autre
2024-06-22 19:33:22,/aide,user_132,17.0,Mobile,301,Email
2024-06-22 19:39:14,/produits/detail,user_91,0.5,Desktop,301,Autre
2024-06-22 19:41:16,/aide,user_99,14.5,Mobile,200,Facebook
2024-06-22 19:44:27,/produits/detail,user_267,37.8,Desktop,200,Direct
2024-06-22 20:33:29,/,user_243,96.1,Mobile,500,LinkedIn
2024-06-22 20:36:09,/blog/article,user_191,56.0,Mobile,301,Google
2024-06-22 20:43:34,/checkout,user_291,1.6,Desktop,200,Direct
2024-06-22 21:51:35,/aide,user_31,21.3,Desktop,500,Google
2024-06-22 22:00:06,/produits/detail,user_83,10.3,Desktop,404,Twitter
2024-06-22 22:18:02,/produits,user_269,95.2,Desktop,200,Twitter
2024-06-22 23:40:39,/panier,user_2,0.8,Mobile,301,LinkedIn
2024-06-22 23:51:24,/,user_261,24.4,Desktop,404,Facebook
2024-06-23 00:22:50,/checkout,user_101,154.7,Desktop,200,Autre
2024-06-23 00:23:50,/aide,user_165,32.0,Desktop,200,Autre
2024-06-23 01:12:12,/produits/detail,user_84,6.4,Mobile,200,Facebook
2024-06-23 01:37:34,/blog,user_63,124.9,Mobile,200,Google
2024-06-23 01:50:04,/blog/article,user_299,32.2,Mobile,404,Direct
2024-06-23 02:21:55,/produits/detail,user_7,25.1,Mobile,200,Direct
2024-06-23 03:12:44,/checkout,user_102,27.2,Mobile,200,Twitter
2024-06-23 03:29:44,/checkout,user_13,11.8,Mobile,200,Twitter
2024-06-23 04:08:52,/contact,user_273,38.7,Tablet,500,LinkedIn
2024-06-23 04:32:22,/produits,user_289,39.1,Desktop,200,LinkedIn
2024-06-23 04:53:46,/aide,user_125,8.8,Mobile,200,Autre
2024-06-23 05:19:16,/api/search,user_103,38.4,Mobile,301,LinkedIn
2024-06-23 05:26:15,/aide,user_165,10.0,Mobile,200,Google
2024-06-23 05:28:48,/blog/article,user_22,19.2,Desktop,404,Autre
2024-06-23 06:35:06,/produits/detail,user_130,21.3,Tablet,200,Autre
2024-06-23 06:39:49,/panier,user_52,48.0,Desktop,500,Email
2024-06-23 06:54:26,/,user_262,42.0,Desktop,200,Autre
2024-06-23 07:41:21,/checkout,user_191,3.1,Desktop,200,Email
2024-06-23 08:44:49,/produits,user_65,7.2,Desktop,404,LinkedIn
2024-06-23 09:03:01,/produits,user_57,101.0,Desktop,200,Facebook
2024-06-23 09:17:01,/blog/article,user_94,93.9,Desktop,404,Google
2024-06-23 09:23:17,/produits,user_183,54.5,Mobile,500,Direct
2024-06-23 09:32:14,/blog,user_264,60.6,Mobile,200,Google
2024-06-23 09:33:50,/panier,user_237,62.9,Desktop,200,LinkedIn
2024-06-23 09:34:36,/blog,user_273,35.1,Desktop,404,Twitter
2024-06-23 10:03:55,/produits/detail,user_4,14.8,Desktop,200,Google
2024-06-23 10:12:28,/blog,user_108,8.4,Mobile,404,Facebook
2024-06-23 10:13:42,/,user_200,181.3,Desktop,404,Direct
2024-06-23 11:04:24,/contact,user_267,58.0,Desktop,200,LinkedIn
2024-06-23 11:05:03,/blog/article,user_199,193.0,Desktop,200,Direct
2024-06-23 11:12:00,/blog,user_68,23.0,Mobile,301,Email
2024-06-23 11:34:03,/api/search,user_100,1.2,Desktop,200,Direct
2024-06-23 12:23:29,/produits,user_45,25.1,Desktop,200,LinkedIn
2024-06-23 12:30:29,/blog,user_199,29.1,Mobile,404,Autre
2024-06-23 12:37:27,/api/search,user_89,4.7,Mobile,404,Email
2024-06-23 12:54:13,/compte,user_134,20.3,Mobile,200,Email
2024-06-23 12:54:37,/aide,user_157,49.3,Desktop,404,Email
2024-06-23 13:00:14,/produits/detail,user_51,31.7,Mobile,404,LinkedIn
2024-06-23 14:12:11,/contact,user_165,37.1,Mobile,404,Facebook
2024-06-23 14:27:56,/blog/article,user_258,37.9,Mobile,301,LinkedIn
2024-06-23 14:52:22,/,user_92,5.3,Desktop,200,Email
2024-06-23 15:01:03,/api/search,user_178,10.8,Mobile,200,Email
2024-06-23 15:34:24,/api/search,user_72,41.9,Desktop,200,Google
2024-06-23 15:41:51,/blog/article,user_169,114.4,Mobile,200,Google
2024-06-23 16:11:21,/produits,user_82,45.9,Mobile,301,Google
2024-06-23 16:11:27,/aide,user_274,3.4,Tablet,500,LinkedIn
2024-06-23 16:32:14,/,user_80,8.2,Mobile,301,Twitter
2024-06-23 17:16:17,/contact,user_25,7.2,Desktop,404,Email
2024-06-23 18:04:05,/contact,user_81,45.5,Desktop,200,Facebook
2024-06-23 18:09:34,/produits/detail,user_33,10.9,Desktop,500,Autre
2024-06-23 18:55:47,/,user_268,20.6,Mobile,200,Email
2024-06-23 19:19:14,/,user_209,23.8,Desktop,500,Twitter
2024-06-23 19:27:55,/produits,user_213,14.5,Mobile,301,Email
2024-06-23 20:05:51,/aide,user_165,63.7,Desktop,200,Autre
2024-06-23 20:31:57,/contact,user_233,28.9,Desktop,200,Google
2024-06-23 20:49:26,/contact,user_229,64.3,Desktop,200,Twitter
2024-06-23 21:00:27,/api/search,user_18,52.4,Tablet,301,Google
2024-06-23 21:12:07,/panier,user_273,11.6,Desktop,200,LinkedIn
2024-06-23 21:44:04,/produits/detail,user_38,67.2,Desktop,404,Autre
2024-06-23 22:06:59,/panier,user_166,3.0,Desktop,200,Direct
2024-06-23 22:33:30,/produits/detail,user_286,90.9,Mobile,500,Twitter
2024-06-23 22:41:21,/blog,user_184,16.5,Tablet,404,Email
2024-06-23 22:50:45,/,user_26,39.9,Desktop,200,LinkedIn
2024-06-23 23:52:43,/panier,user_182,11.6,Desktop,404,Google
2024-06-24 00:26:33,/compte,user_88,20.0,Desktop,200,Google
2024-06-24 00:36:30,/compte,user_243,79.4,Mobile,200,Autre
2024-06-24 00:55:55,/contact,user_265,29.5,Tablet,500,Twitter
2024-06-24 01:17:17,/,user_77,26.8,Mobile,200,Google
2024-06-24 01:37:27,/produits/detail,user_211,200.8,Desktop,200,Google
2024-06-24 02:13:05,/blog,user_213,34.6,Mobile,200,Autre
2024-06-24 02:31:35,/,user_80,15.9,Desktop,500,Google
2024-06-24 02:53:46,/compte,user_282,53.9,Tablet,404,LinkedIn
2024-06-24 03:03:40,/compte,user_119,74.4,Tablet,200,Google
2024-06-24 03:43:06,/,user_241,23.4,Mobile,200,Facebook
2024-06-24 03:55:55,/,user_71,8.3,Desktop,200,LinkedIn
2024-06-24 04:13:10,/checkout,user_187,15.8,Mobile,200,Autre
2024-06-24 04:26:08,/checkout,user_117,2.6,Desktop,200,Twitter
2024-06-24 04:32:43,/produits/detail,user_162,65.8,Tablet,200,Autre
2024-06-24 04:37:36,/compte,user_127,21.6,Mobile,200,Facebook
2024-06-24 04:55:35,/,user_140,12.1,Desktop,301,Email
2024-06-24 05:11:02,/produits,user_106,10.5,Tablet,404,Email
2024-06-24 05:17:04,/,user_207,30.9,Mobile,404,Twitter
2024-06-24 05:20:13,/panier,user_150,21.6,Desktop,200,LinkedIn
2024-06-24 05:47:03,/blog/article,user_111,174.0,Desktop,200,Twitter
2024-06-24 06:02:23,/blog/article,user_220,107.5,Mobile,404,Direct
2024-06-24 06:17:51,/blog,user_194,40.4,Tablet,404,Twitter
2024-06-24 06:27:00,/aide,user_298,76.3,Mobile,200,Twitter
2024-06-24 06:28:23,/produits,user_141,51.4,Mobile,200,Email
2024-06-24 06:36:34,/produits,user_181,16.7,Desktop,200,Google
2024-06-24 06:52:15,/contact,user_241,131.9,Tablet,404,LinkedIn
2024-06-24 08:02:16,/blog/article,user_118,57.7,Desktop,200,Google
2024-06-24 08:21:28,/checkout,user_50,148.3,Desktop,200,Email
2024-06-24 08:36:28,/api/search,user_34,117.2,Mobile,200,Email
2024-06-24 09:07:30,/compte,user_119,6.2,Mobile,404,Autre
2024-06-24 09:44:27,/blog,user_128,67.3,Desktop,200,Autre
2024-06-24 09:53:42,/blog,user_198,2.0,Desktop,301,Autre
2024-06-24 10:12:54,/blog/article,user_75,141.2,Mobile,500,Facebook
2024-06-24 10:15:33,/panier,user_136,46.2,Desktop,200,Email
2024-06-24 11:06:36,/panier,user_86,40.5,Mobile,200,Facebook
2024-06-24 11:29:44,/aide,user_43,45.4,Mobile,404,Direct
2024-06-24 11:34:26,/produits/detail,user_121,35.6,Mobile,500,Autre
2024-06-24 11:43:12,/api/search,user_92,3.1,Mobile,200,Facebook
2024-06-24 11:44:44,/checkout,user_45,38.4,Mobile,200,Twitter
2024-06-24 12:04:51,/contact,user_118,24.4,Desktop,200,Twitter
2024-06-24 12:11:27,/produits/detail,user_25,80.5,Desktop,301,Twitter
2024-06-24 12:13:34,/panier,user_108,9.5,Desktop,200,Autre
2024-06-24 12:36:07,/api/search,user_90,2.3,Desktop,200,Direct
2024-06-24 12:38:46,/panier,user_177,21.0,Desktop,301,Autre
2024-06-24 13:22:50,/aide,user_288,6.9,Mobile,200,Twitter
2024-06-24 13:34:45,/compte,user_173,101.8,Mobile,200,Direct
2024-06-24 13:36:39,/panier,user_97,66.0,Desktop,200,Autre
2024-06-24 14:03:37,/api/search,user_20,14.8,Desktop,200,LinkedIn
2024-06-24 14:31:50,/produits,user_49,23.5,Desktop,200,Email
2024-06-24 14:59:51,/blog,user_149,50.0,Mobile,200,Email
2024-06-24 15:01:07,/compte,user_158,34.0,Tablet,200,Email
2024-06-24 15:26:39,/panier,user_144,39.7,Tablet,200,Google
2024-06-24 15:39:15,/panier,user_9,67.1,Desktop,200,Email
2024-06-24 15:39:53,/checkout,user_292,25.3,Desktop,200,LinkedIn
2024-06-24 15:45:01,/checkout,user_116,4.2,Mobile,301,Direct
2024-06-24 15:59:11,/checkout,user_284,18.2,Mobile,404,Facebook
2024-06-24 15:59:53,/aide,user_264,68.0,Desktop,200,Direct
2024-06-24 16:08:14,/produits/detail,user_121,14.2,Desktop,200,Google
2024-06-24 16:18:49,/aide,user_287,41.8,Tablet,200,Email
2024-06-24 17:11:11,/produits,user_94,8.2,Mobile,200,LinkedIn
2024-06-24 17:37:31,/checkout,user_224,0.5,Desktop,500,Direct
2024-06-24 17:55:46,/contact,user_211,1.3,Mobile,200,Twitter
2024-06-24 19:00:44,/checkout,user_165,29.7,Mobile,200,Facebook
2024-06-24 19:06:54,/blog,user_101,3.4,Mobile,301,Google
2024-06-24 19:12:56,/compte,user_293,33.0,Desktop,200,Autre
2024-06-24 19:15:02,/,user_195,30.1,Desktop,200,Email
2024-06-24 19:22:29,/panier,user_5,30.0,Desktop,200,Email
2024-06-24 19:28:54,/,user_158,18.6,Mobile,200,LinkedIn
2024-06-24 20:13:07,/blog/article,user_40,78.3,Desktop,200,Twitter
2024-06-24 20:24:46,/api/search,user_225,25.0,Desktop,200,Autre
2024-06-24 20:39:43,/aide,user_269,0.9,Desktop,404,Autre
2024-06-24 20:43:43,/panier,user_134,52.6,Desktop,301,Autre
2024-06-24 21:19:52,/api/search,user_243,115.4,Tablet,200,Twitter
2024-06-24 22:02:52,/api/search,user_196,9.9,Mobile,200,Direct
2024-06-24 22:09:20,/contact,user_101,32.5,Desktop,200,Direct
2024-06-24 22:22:39,/contact,user_51,119.9,Mobile,200,LinkedIn
2024-06-24 22:30:18,/panier,user_83,15.4,Mobile,200,Twitter
2024-06-24 22:39:17,/panier,user_195,6.3,Desktop,404,Direct
2024-06-24 22:52:24,/checkout,user_211,18.6,Desktop,200,Google
2024-06-24 22:54:40,/aide,user_141,27.6,Desktop,200,Autre
2024-06-24 22:56:54,/produits,user_41,75.1,Mobile,301,Twitter
2024-06-24 23:02:00,/produits,user_289,54.6,Tablet,200,Facebook
2024-06-24 23:28:30,/blog,user_24,24.6,Tablet,200,Email
2024-06-24 23:47:06,/api/search,user_102,94.1,Mobile,200,Direct
2024-06-24 23:57:14,/blog/article,user_283,18.7,Mobile,200,Autre
2024-06-25 00:10:16,/aide,user_216,5.0,Desktop,200,Autre
2024-06-25 00:25:23,/contact,user_140,10.9,Desktop,200,Facebook
2024-06-25 00:38:02,/produits/detail,user_117,7.1,Mobile,200,Direct
2024-06-25 01:53:32,/checkout,user_74,0.6,Desktop,200,Direct
2024-06-25 02:03:05,/compte,user_221,33.5,Desktop,301,LinkedIn
2024-06-25 02:07:36,/produits/detail,user_113,25.2,Desktop,301,Autre
2024-06-25 02:19:58,/contact,user_232,100.6,Desktop,200,Twitter
2024-06-25 03:05:22,/blog/article,user_2,0.9,Desktop,404,Twitter
2024-06-25 03:18:37,/produits/detail,user_67,38.7,Desktop,500,LinkedIn
2024-06-25 03:27:24,/checkout,user_146,40.8,Mobile,404,Google
2024-06-25 03:38:00,/aide,user_26,25.8,Desktop,200,Google
2024-06-25 03:48:19,/panier,user_80,113.7,Tablet,500,LinkedIn
2024-06-25 04:14:51,/checkout,user_287,43.3,Desktop,200,Email
2024-06-25 06:08:38,/api/search,user_263,9.3,Desktop,200,Autre
2024-06-25 08:24:29,/contact,user_198,96.5,Mobile,200,Direct
2024-06-25 08:36:56,/checkout,user_164,28.7,Mobile,200,Twitter
2024-06-25 08:52:11,/,user_198,138.4,Mobile,200,LinkedIn
2024-06-25 09:40:35,/produits/detail,user_34,14.6,Mobile,404,Twitter
2024-06-25 09:58:17,/blog,user_141,12.5,Desktop,301,LinkedIn
2024-06-25 10:12:54,/blog,user_65,10.4,Mobile,301,Autre
2024-06-25 10:45:32,/panier,user_108,2.0,Mobile,200,Direct
2024-06-25 10:51:12,/contact,user_118,14.6,Tablet,404,LinkedIn
2024-06-25 11:08:38,/blog,user_27,50.1,Desktop,200,Autre
2024-06-25 11:53:34,/blog/article,user_11,28.1,Mobile,200,Autre
2024-06-25 13:08:38,/produits/detail,user_103,4.7,Desktop,500,Google
2024-06-25 13:17:48,/produits/detail,user_2,6.9,Mobile,301,Email
2024-06-25 14:05:40,/contact,user_146,35.2,Desktop,200,Direct
2024-06-25 14:41:33,/produits/detail,user_71,32.4,Mobile,200,Google
2024-06-25 14:49:48,/panier,user_71,8.0,Desktop,200,LinkedIn
2024-06-25 15:01:09,/compte,user_18,4.3,Desktop,200,Twitter
2024-06-25 15:10:59,/produits,user_139,34.4,Mobile,200,Autre
2024-06-25 16:06:58,/,user_37,118.4,Tablet,200,Facebook
2024-06-25 16:17:58,/blog/article,user_92,51.4,Mobile,200,Direct
2024-06-25 16:47:05,/produits,user_12,73.8,Mobile,200,Direct
2024-06-25 16:50:08,/checkout,user_256,213.6,Tablet,200,Twitter
2024-06-25 16:59:35,/contact,user_42,37.6,Mobile,200,Email
2024-06-25 17:03:51,/checkout,user_21,80.4,Mobile,200,Email
2024-06-25 17:11:59,/blog,user_139,63.2,Mobile,301,Google
2024-06-25 19:21:38,/produits,user_169,126.2,Desktop,200,Google
2024-06-25 19:44:56,/panier,user_83,57.8,Desktop,200,Direct
2024-06-25 20:03:13,/blog/article,user_226,4.1,Desktop,500,Twitter
2024-06-25 20:10:47,/blog,user_218,17.8,Mobile,200,Direct
2024-06-25 20:21:27,/,user_52,89.6,Mobile,301,Email
2024-06-25 20:24:27,/blog,user_261,25.4,Mobile,200,Twitter
2024-06-25 20:30:23,/produits,user_241,7.6,Tablet,200,LinkedIn
2024-06-25 20:53:04,/contact,user_39,5.4,Tablet,500,Twitter
2024-06-25 21:00:44,/aide,user_109,43.7,Desktop,500,Autre
2024-06-25 21:39:53,/blog,user_260,8.7,Mobile,200,Facebook
2024-06-25 21:51:27,/panier,user_293,161.7,Tablet,301,Email
2024-06-25 22:00:20,/panier,user_133,13.6,Desktop,200,Twitter
2024-06-25 22:01:52,/api/search,user_163,30.8,Desktop,301,Email
2024-06-25 22:16:16,/produits,user_294,42.4,Tablet,200,Autre
2024-06-25 22:33:08,/compte,user_279,51.9,Mobile,200,LinkedIn
2024-06-25 22:53:58,/blog/article,user_125,2.3,Mobile,500,Direct
2024-06-25 23:45:00,/aide,user_6,8.4,Desktop,200,Direct
2024-06-26 00:56:08,/produits/detail,user_133,38.3,Mobile,200,Twitter
2024-06-26 01:22:03,/blog/article,user_293,37.8,Mobile,200,Google
2024-06-26 01:51:59,/contact,user_254,104.1,Desktop,500,Direct
2024-06-26 02:02:29,/blog,user_90,15.6,Tablet,200,Google
2024-06-26 02:22:32,/checkout,user_172,27.3,Desktop,404,Google
2024-06-26 02:25:46,/api/search,user_199,0.5,Tablet,200,Google
2024-06-26 03:34:07,/blog/article,user_9,8.4,Mobile,301,Facebook
2024-06-26 04:12:04,/produits/detail,user_120,11.9,Desktop,500,Email
2024-06-26 04:18:27,/produits,user_234,9.0,Desktop,301,Email
2024-06-26 05:28:16,/blog/article,user_209,2.0,Tablet,301,LinkedIn
2024-06-26 05:34:13,/compte,user_258,20.0,Mobile,200,Autre
2024-06-26 07:00:01,/produits,user_77,14.9,Mobile,200,Google
2024-06-26 07:06:54,/compte,user_13,18.3,Desktop,500,Facebook
2024-06-26 07:55:00,/checkout,user_14,20.9,Desktop,301,LinkedIn
2024-06-26 07:57:00,/panier,user_299,46.2,Tablet,200,Google
2024-06-26 08:09:26,/compte,user_272,41.8,Desktop,200,Direct
2024-06-26 09:05:00,/produits/detail,user_121,20.1,Desktop,301,Facebook
2024-06-26 09:35:43,/blog,user_111,25.0,Desktop,500,Direct
2024-06-26 09:38:20,/checkout,user_127,10.0,Desktop,200,Autre
2024-06-26 09:59:24,/contact,user_235,17.8,Desktop,200,Direct
2024-06-26 10:36:13,/panier,user_291,6.3,Mobile,301,Autre
2024-06-26 10:38:31,/panier,user_104,1.5,Desktop,200,Facebook
2024-06-26 10:59:26,/blog,user_126,33.1,Mobile,404,LinkedIn
2024-06-26 11:06:56,/produits,user_122,26.7,Mobile,301,Google
2024-06-26 11:09:37,/api/search,user_137,0.5,Mobile,200,Facebook
2024-06-26 11:11:26,/blog,user_72,35.6,Mobile,404,Google
2024-06-26 11:44:03,/aide,user_263,48.0,Desktop,301,LinkedIn
2024-06-26 13:04:55,/checkout,user_162,5.9,Mobile,200,Autre
2024-06-26 13:49:12,/produits,user_83,10.0,Mobile,200,Google
2024-06-26 13:57:47,/checkout,user_76,29.2,Mobile,404,LinkedIn
2024-06-26 14:14:36,/blog,user_295,1.0,Desktop,200,Google
2024-06-26 14:54:34,/checkout,user_177,163.8,Desktop,404,Twitter
2024-06-26 14:56:35,/blog,user_100,12.2,Desktop,200,Email
2024-06-26 15:32:19,/aide,user_110,145.7,Desktop,200,Google
2024-06-26 15:37:39,/,user_263,37.5,Desktop,200,Twitter
2024-06-26 15:46:53,/panier,user_45,44.6,Mobile,200,Direct
2024-06-26 16:15:33,/aide,user_146,6.2,Mobile,200,Twitter
2024-06-26 16:22:21,/aide,user_175,77.3,Mobile,200,Email
2024-06-26 16:36:14,/blog,user_237,99.7,Mobile,200,Google
2024-06-26 17:01:11,/produits,user_233,46.5,Desktop,500,Direct
2024-06-26 17:11:34,/contact,user_190,88.6,Desktop,200,Twitter
2024-06-26 18:08:56,/blog/article,user_25,20.3,Mobile,200,LinkedIn
2024-06-26 18:30:30,/produits/detail,user_192,51.3,Desktop,200,Autre
2024-06-26 18:34:40,/blog,user_106,23.1,Desktop,500,Google
2024-06-26 19:37:05,/api/search,user_71,101.6,Tablet,200,Email
2024-06-26 20:44:36,/blog,user_189,14.7,Mobile,200,Direct
2024-06-26 21:02:12,/compte,user_248,130.5,Desktop,404,Direct
2024-06-26 21:16:14,/api/search,user_127,16.0,Mobile,500,Direct
2024-06-26 21:43:28,/produits,user_135,2.3,Mobile,500,Autre
2024-06-26 23:02:31,/blog,user_218,37.8,Mobile,200,Direct
2024-06-26 23:20:00,/produits,user_258,2.0,Mobile,301,Google
2024-06-26 23:26:28,/produits/detail,user_83,27.0,Mobile,301,Twitter
2024-06-26 23:39:32,/contact,user_168,87.0,Tablet,500,Twitter
2024-06-26 23:52:15,/panier,user_81,22.7,Mobile,200,Facebook
2024-06-27 00:03:02,/blog/article,user_201,23.3,Desktop,500,Facebook
2024-06-27 00:55:24,/produits,user_42,42.3,Mobile,500,Autre
2024-06-27 01:08:22,/compte,user_25,75.9,Desktop,200,Email
2024-06-27 01:57:40,/contact,user_252,43.6,Mobile,200,Email
2024-06-27 01:57:49,/panier,user_68,51.8,Mobile,200,Twitter
2024-06-27 02:02:53,/produits,user_274,26.0,Mobile,200,Facebook
2024-06-27 02:15:13,/,user_293,137.6,Desktop,301,Direct
2024-06-27 02:18:37,/produits,user_133,35.8,Desktop,200,Google
2024-06-27 03:08:10,/contact,user_66,112.3,Desktop,500,Twitter
2024-06-27 03:30:10,/produits/detail,user_100,64.8,Mobile,200,Facebook
2024-06-27 03:42:47,/produits,user_141,18.5,Tablet,200,Autre
2024-06-27 03:45:46,/contact,user_38,16.0,Mobile,200,LinkedIn
2024-06-27 03:49:30,/aide,user_291,199.7,Mobile,200,Autre
2024-06-27 04:00:02,/produits,user_217,43.6,Mobile,301,LinkedIn
2024-06-27 04:13:38,/api/search,user_85,18.9,Mobile,200,Twitter
2024-06-27 04:14:51,/checkout,user_116,34.0,Desktop,301,Autre
2024-06-27 04:23:59,/panier,user_59,8.8,Mobile,301,Email
2024-06-27 05:31:58,/checkout,user_262,26.8,Desktop,200,Twitter
2024-06-27 05:34:32,/compte,user_40,6.5,Tablet,200,Autre
2024-06-27 06:12:55,/produits,user_82,5.6,Mobile,404,Direct
2024-06-27 06:21:33,/,user_206,36.0,Desktop,200,Facebook
2024-06-27 06:47:56,/blog/article,user_54,103.8,Desktop,500,Facebook
2024-06-27 06:51:25,/aide,user_269,46.9,Desktop,301,Autre
2024-06-27 06:52:36,/produits/detail,user_165,55.8,Mobile,500,Direct
2024-06-27 07:08:21,/contact,user_9,4.3,Tablet,200,Autre
2024-06-27 07:24:29,/blog/article,user_100,154.4,Mobile,301,Autre
2024-06-27 07:28:26,/contact,user_97,54.6,Mobile,200,Direct
2024-06-27 07:45:40,/compte,user_4,2.7,Desktop,301,Twitter
2024-06-27 07:50:53,/blog/article,user_36,7.6,Desktop,200,Autre
2024-06-27 09:01:17,/produits,user_281,476.7,Desktop,404,Direct
2024-06-27 09:03:56,/produits,user_69,2.9,Desktop,200,Twitter
2024-06-27 09:12:19,/produits,user_215,14.7,Desktop,404,Google
2024-06-27 09:23:37,/panier,user_254,75.6,Mobile,200,Email
2024-06-27 09:54:11,/checkout,user_100,60.2,Mobile,301,Autre
2024-06-27 10:13:48,/produits/detail,user_139,13.1,Mobile,200,Autre
2024-06-27 10:20:38,/contact,user_101,102.4,Desktop,404,Autre
2024-06-27 10:36:16,/produits,user_238,85.2,Desktop,200,LinkedIn
2024-06-27 10:52:25,/blog,user_270,108.5,Desktop,301,Facebook
2024-06-27 11:20:32,/blog/article,user_75,100.9,Desktop,301,Autre
2024-06-27 11:38:59,/produits,user_11,108.8,Mobile,404,Facebook
2024-06-27 11:52:37,/blog,user_262,14.1,Mobile,200,Email
2024-06-27 12:08:46,/produits,user_230,18.0,Tablet,200,Direct
2024-06-27 12:33:50,/,user_37,96.8,Desktop,200,Direct
2024-06-27 12:34:48,/api/search,user_103,6.6,Desktop,200,Facebook
2024-06-27 12:46:19,/aide,user_9,137.2,Mobile,200,Autre
2024-06-27 12:58:55,/,user_82,112.9,Desktop,301,Autre
2024-06-27 13:21:59,/contact,user_131,10.6,Tablet,200,Direct
2024-06-27 13:57:28,/panier,user_31,42.7,Desktop,404,Direct
2024-06-27 14:26:36,/aide,user_230,49.7,Tablet,200,Facebook
2024-06-27 14:27:04,/produits/detail,user_141,11.4,Desktop,200,Direct
2024-06-27 14:42:20,/aide,user_192,10.8,Mobile,200,Email
2024-06-27 14:54:18,/blog,user_227,20.0,Mobile,200,LinkedIn
2024-06-27 16:16:28,/blog,user_160,21.6,Tablet,200,LinkedIn
2024-06-27 17:02:21,/blog/article,user_41,35.8,Mobile,200,Twitter
2024-06-27 17:20:16,/checkout,user_65,16.5,Mobile,404,Twitter
2024-06-27 17:30:42,/aide,user_294,23.5,Desktop,200,Autre
2024-06-27 17:35:33,/aide,user_2,75.2,Desktop,200,Email
2024-06-27 17:38:52,/,user_93,54.2,Desktop,200,Google
2024-06-27 18:29:00,/compte,user_33,13.4,Desktop,200,Facebook
2024-06-27 19:10:01,/produits,user_289,87.8,Mobile,200,Twitter
2024-06-27 19:46:01,/blog/article,user_5,9.2,Desktop,200,Autre
2024-06-27 19:51:20,/blog,user_111,4.5,Mobile,200,Twitter
2024-06-27 19:59:44,/blog,user_177,8.1,Desktop,500,Email
2024-06-27 20:15:06,/panier,user_63,76.3,Desktop,200,Google
2024-06-27 21:34:55,/compte,user_87,13.8,Desktop,200,Facebook
2024-06-27 22:37:20,/blog/article,user_154,26.8,Tablet,404,Facebook
2024-06-27 22:51:47,/,user_277,37.2,Desktop,404,Autre
2024-06-27 23:06:43,/blog/article,user_290,33.9,Desktop,500,Autre
2024-06-28 00:05:34,/compte,user_262,81.0,Desktop,200,Facebook
2024-06-28 00:29:44,/panier,user_210,125.7,Desktop,200,Twitter
2024-06-28 00:55:49,/checkout,user_163,20.3,Desktop,200,LinkedIn
2024-06-28 01:43:03,/,user_176,19.1,Desktop,500,Direct
2024-06-28 02:18:55,/api/search,user_19,44.4,Tablet,200,Direct
2024-06-28 02:54:54,/compte,user_9,63.5,Mobile,200,Autre
2024-06-28 03:45:43,/contact,user_22,28.4,Desktop,200,Twitter
2024-06-28 04:21:19,/blog/article,user_92,53.5,Desktop,200,Google
2024-06-28 04:36:58,/aide,user_194,55.1,Mobile,301,Facebook
2024-06-28 04:42:15,/api/search,user_94,149.2,Mobile,500,LinkedIn
2024-06-28 05:25:04,/compte,user_53,7.8,Desktop,301,Twitter
2024-06-28 05:55:13,/blog/article,user_159,5.3,Mobile,200,Email
2024-06-28 06:05:29,/blog/article,user_143,12.7,Mobile,200,LinkedIn
2024-06-28 07:15:16,/blog,user_280,144.3,Desktop,200,Facebook
2024-06-28 08:06:52,/compte,user_236,69.5,Mobile,200,Autre
2024-06-28 08:11:22,/aide,user_287,30.2,Tablet,200,LinkedIn
2024-06-28 08:18:09,/panier,user_34,72.4,Desktop,404,Twitter
2024-06-28 08:21:59,/produits/detail,user_206,72.6,Mobile,200,Email
2024-06-28 08:46:34,/api/search,user_138,71.5,Desktop,404,Twitter
2024-06-28 09:29:34,/blog/article,user_119,80.2,Desktop,200,Autre
2024-06-28 09:45:16,/contact,user_32,22.8,Desktop,404,Direct
2024-06-28 10:19:51,/aide,user_275,2.2,Mobile,200,LinkedIn
2024-06-28 10:39:39,/panier,user_225,49.2,Tablet,200,Email
2024-06-28 10:40:07,/produits,user_151,31.2,Desktop,200,Twitter
2024-06-28 10:57:51,/produits/detail,user_45,60.1,Desktop,404,Facebook
2024-06-28 11:27:18,/panier,user_179,9.6,Tablet,301,Twitter
2024-06-28 11:44:59,/contact,user_223,35.9,Desktop,200,Email
2024-06-28 12:06:12,/aide,user_113,27.6,Mobile,200,LinkedIn
2024-06-28 12:21:00,/compte,user_174,97.9,Tablet,200,Direct
2024-06-28 12:41:55,/compte,user_76,22.1,Desktop,200,Google
2024-06-28 13:10:21,/produits,user_104,24.5,Tablet,200,Twitter
2024-06-28 13:26:19,/api/search,user_78,6.7,Mobile,500,Direct
2024-06-28 14:12:59,/blog/article,user_18,87.6,Mobile,404,Twitter
2024-06-28 14:33:24,/produits,user_90,48.5,Tablet,301,Google
2024-06-28 15:17:38,/aide,user_115,2.3,Desktop,301,Twitter
2024-06-28 16:13:21,/produits,user_166,26.3,Tablet,200,Direct
2024-06-28 16:28:48,/blog/article,user_202,2.8,Desktop,200,Autre
2024-06-28 16:46:45,/aide,user_12,12.9,Desktop,500,LinkedIn
2024-06-28 16:49:06,/produits/detail,user_168,156.2,Mobile,200,Twitter
2024-06-28 17:29:16,/aide,user_281,35.6,Desktop,500,Email
2024-06-28 18:05:01,/,user_141,77.7,Desktop,200,LinkedIn
2024-06-28 19:25:10,/blog,user_3,37.5,Mobile,404,Google
2024-06-28 20:10:55,/blog,user_158,90.5,Desktop,301,Google
2024-06-28 20:21:13,/,user_155,105.7,Desktop,404,Email
2024-06-28 20:22:02,/produits,user_112,33.9,Mobile,200,Email
2024-06-28 20:36:26,/panier,user_137,34.2,Mobile,200,Twitter
2024-06-28 22:19:29,/aide,user_295,24.4,Mobile,404,Facebook
2024-06-28 22:26:25,/produits/detail,user_207,11.3,Tablet,200,Facebook
2024-06-28 22:42:28,/panier,user_300,12.9,Desktop,200,Autre
2024-06-28 23:34:04,/panier,user_299,11.9,Mobile,200,Facebook
2024-06-29 00:05:09,/produits/detail,user_97,10.4,Mobile,200,Google
2024-06-29 00:45:56,/,user_273,80.4,Tablet,301,Direct
2024-06-29 00:57:19,/blog,user_236,41.6,Desktop,200,Autre
2024-06-29 01:29:36,/compte,user_73,2.5,Desktop,200,Autre
2024-06-29 02:13:47,/compte,user_179,33.3,Mobile,200,Google
2024-06-29 03:11:09,/blog/article,user_176,5.9,Mobile,500,Twitter
2024-06-29 03:29:21,/blog/article,user_140,54.6,Desktop,500,Google
2024-06-29 03:53:28,/api/search,user_216,57.0,Mobile,200,Facebook
2024-06-29 05:22:58,/produits,user_65,11.7,Tablet,200,Twitter
2024-06-29 05:56:40,/blog,user_89,14.5,Mobile,200,Autre
2024-06-29 06:04:49,/produits/detail,user_4,122.5,Mobile,200,Autre
2024-06-29 07:04:06,/produits,user_272,36.6,Desktop,200,Email
2024-06-29 07:25:45,/,user_251,28.8,Mobile,200,Autre
2024-06-29 07:46:43,/blog,user_9,11.7,Mobile,500,Google
2024-06-29 08:44:07,/blog/article,user_15,17.1,Desktop,200,LinkedIn
2024-06-29 08:59:35,/produits/detail,user_186,11.0,Desktop,301,LinkedIn
2024-06-29 09:07:43,/api/search,user_262,2.5,Mobile,200,Twitter
2024-06-29 09:48:31,/panier,user_114,21.1,Mobile,301,LinkedIn
2024-06-29 09:50:03,/aide,user_80,10.6,Mobile,404,Facebook
2024-06-29 10:57:32,/checkout,user_169,20.7,Desktop,200,Twitter
2024-06-29 11:08:22,/aide,user_113,13.9,Mobile,200,Email
2024-06-29 11:09:08,/produits,user_117,122.2,Mobile,500,Twitter
2024-06-29 11:11:13,/compte,user_12,0.5,Desktop,404,Facebook
2024-06-29 11:14:40,/contact,user_252,148.5,Desktop,200,Email
2024-06-29 12:29:12,/aide,user_62,46.4,Tablet,500,Direct
2024-06-29 13:13:52,/compte,user_34,58.4,Mobile,301,Email
2024-06-29 13:18:11,/checkout,user_226,43.3,Mobile,200,Email
2024-06-29 13:26:59,/aide,user_225,18.1,Mobile,200,Email
2024-06-29 13:31:29,/,user_166,44.7,Mobile,200,Direct
2024-06-29 13:42:00,/compte,user_292,52.7,Mobile,500,Direct
2024-06-29 13:46:55,/blog/article,user_220,117.8,Desktop,200,Email
2024-06-29 15:02:22,/blog,user_22,169.8,Mobile,500,Facebook
2024-06-29 15:21:38,/contact,user_9,1.5,Mobile,200,Email
2024-06-29 15:54:02,/produits/detail,user_155,6.9,Desktop,200,Email
2024-06-29 15:59:47,/compte,user_279,25.6,Mobile,200,Google
2024-06-29 16:08:13,/blog/article,user_138,44.0,Desktop,200,Autre
2024-06-29 16:39:47,/aide,user_137,68.3,Desktop,500,Twitter
2024-06-29 16:43:12,/produits,user_267,47.9,Desktop,404,Autre
2024-06-29 17:25:15,/blog/article,user_243,41.8,Mobile,200,Autre
2024-06-29 17:55:40,/contact,user_142,60.1,Tablet,500,Direct
2024-06-29 18:07:16,/,user_92,26.2,Desktop,500,LinkedIn
2024-06-29 18:28:28,/produits/detail,user_53,14.8,Mobile,200,Twitter
2024-06-29 18:42:09,/contact,user_122,12.9,Mobile,500,Google
2024-06-29 18:49:18,/produits/detail,user_112,22.3,Desktop,200,Facebook
2024-06-29 18:58:42,/produits,user_28,0.5,Desktop,301,LinkedIn
2024-06-29 19:00:33,/blog/article,user_294,87.7,Desktop,301,Direct
2024-06-29 19:27:36,/blog,user_48,5.5,Mobile,404,Google
2024-06-29 19:35:17,/aide,user_101,78.8,Desktop,200,Direct
2024-06-29 19:53:08,/panier,user_116,25.6,Mobile,200,Facebook
2024-06-29 20:03:34,/api/search,user_207,231.7,Desktop,200,Direct
2024-06-29 20:27:21,/produits,user_149,52.8,Mobile,200,Google
2024-06-29 20:48:51,/blog/article,user_196,3.0,Tablet,200,Facebook
2024-06-29 20:52:39,/panier,user_65,4.1,Desktop,404,LinkedIn
2024-06-29 21:13:49,/blog,user_135,61.2,Mobile,200,Twitter
2024-06-29 21:25:57,/checkout,user_143,65.4,Tablet,404,Autre
2024-06-29 21:29:34,/aide,user_138,13.7,Desktop,200,Facebook
2024-06-29 21:34:54,/,user_202,49.2,Desktop,404,Twitter
2024-06-29 22:03:58,/contact,user_197,30.3,Desktop,200,Twitter
2024-06-29 22:16:08,/blog,user_270,57.1,Tablet,200,Email
2024-06-29 22:18:40,/,user_2,22.6,Mobile,200,Google
2024-06-29 22:23:52,/blog/article,user_285,10.4,Mobile,301,Direct
2024-06-29 22:37:42,/panier,user_151,24.1,Desktop,200,Email
2024-06-29 23:47:04,/blog/article,user_7,21.3,Desktop,500,LinkedIn
2024-06-30 00:12:31,/checkout,user_176,10.5,Desktop,404,Twitter
2024-06-30 00:32:46,/contact,user_216,38.3,Mobile,404,Autre
2024-06-30 00:38:34,/blog,user_203,33.9,Mobile,500,LinkedIn
2024-06-30 00:59:45,/checkout,user_182,36.1,Mobile,200,Autre
2024-06-30 01:05:50,/blog/article,user_124,52.6,Desktop,200,LinkedIn
2024-06-30 01:10:36,/,user_277,9.8,Mobile,500,Autre
2024-06-30 01:14:17,/aide,user_161,42.6,Tablet,200,Google
2024-06-30 01:14:26,/blog,user_119,16.0,Mobile,200,Twitter
2024-06-30 01:22:13,/blog,user_83,21.8,Desktop,200,Facebook
2024-06-30 01:35:46,/panier,user_133,24.7,Mobile,200,Direct
2024-06-30 01:40:09,/produits/detail,user_33,77.0,Mobile,500,Direct
2024-06-30 01:41:39,/checkout,user_201,56.4,Desktop,500,Direct
2024-06-30 01:42:40,/,user_157,17.0,Tablet,200,Autre
2024-06-30 02:05:01,/aide,user_40,6.7,Mobile,200,Google
2024-06-30 02:27:25,/produits,user_80,23.2,Tablet,200,Google
2024-06-30 02:27:39,/,user_195,2.3,Desktop,200,Autre
2024-06-30 02:41:22,/api/search,user_84,92.9,Tablet,404,Google
2024-06-30 03:20:09,/api/search,user_27,39.1,Desktop,200,Autre
2024-06-30 03:53:23,/produits/detail,user_136,20.1,Desktop,200,Twitter
2024-06-30 04:49:40,/produits/detail,user_93,118.9,Desktop,200,Facebook
2024-06-30 04:59:14,/produits,user_51,5.6,Mobile,200,Facebook
2024-06-30 05:08:44,/produits,user_135,124.1,Desktop,200,Google
2024-06-30 05:09:00,/panier,user_270,37.0,Desktop,200,Twitter
2024-06-30 05:33:28,/checkout,user_71,20.0,Desktop,500,Email
2024-06-30 06:19:39,/blog,user_9,40.2,Mobile,200,Facebook
2024-06-30 06:46:54,/blog/article,user_127,62.7,Desktop,500,Autre
2024-06-30 06:51:42,/api/search,user_1,28.5,Desktop,200,Direct
2024-06-30 07:16:18,/panier,user_116,54.3,Desktop,500,Direct
2024-06-30 07:18:58,/contact,user_137,19.6,Tablet,200,Direct
2024-06-30 07:37:11,/blog,user_143,57.4,Tablet,404,Google
2024-06-30 08:36:33,/blog/article,user_103,46.7,Mobile,200,Facebook
2024-06-30 08:40:50,/blog/article,user_199,146.3,Desktop,200,Google
2024-06-30 08:49:51,/blog/article,user_11,1.0,Tablet,404,Google
2024-06-30 09:10:27,/blog,user_1,23.4,Tablet,200,LinkedIn
2024-06-30 09:28:43,/contact,user_208,33.4,Mobile,404,Direct
2024-06-30 09:40:54,/checkout,user_166,61.2,Desktop,200,Facebook
2024-06-30 09:51:24,/api/search,user_93,118.0,Mobile,200,Direct
2024-06-30 10:11:07,/aide,user_246,48.1,Mobile,200,Facebook
2024-06-30 10:32:59,/panier,user_66,134.3,Desktop,404,LinkedIn
2024-06-30 10:36:16,/panier,user_146,86.0,Desktop,200,LinkedIn
2024-06-30 10:39:46,/produits,user_165,23.6,Desktop,200,Autre
2024-06-30 10:47:15,/contact,user_193,91.9,Mobile,404,Google
2024-06-30 10:53:34,/panier,user_167,41.5,Mobile,301,LinkedIn
2024-06-30 10:59:14,/api/search,user_2,8.6,Mobile,200,Twitter
2024-06-30 11:05:28,/blog/article,user_38,36.2,Desktop,301,Twitter
2024-06-30 11:42:18,/checkout,user_130,19.1,Tablet,200,LinkedIn
2024-06-30 11:44:35,/panier,user_133,27.0,Desktop,200,Twitter
2024-06-30 12:17:20,/api/search,user_66,69.3,Mobile,200,Facebook
2024-06-30 12:21:53,/api/search,user_88,106.8,Desktop,200,Twitter
2024-06-30 12:31:59,/aide,user_10,2.4,Mobile,404,LinkedIn
2024-06-30 12:52:45,/blog,user_42,117.3,Desktop,200,Facebook
2024-06-30 12:58:47,/produits/detail,user_121,18.7,Desktop,200,Twitter
2024-06-30 13:15:13,/contact,user_56,2.1,Tablet,301,Email
2024-06-30 13:16:22,/produits/detail,user_51,85.1,Mobile,200,Facebook
2024-06-30 13:30:01,/compte,user_294,27.9,Mobile,500,Direct
2024-06-30 13:34:51,/panier,user_161,68.3,Mobile,301,Direct
2024-06-30 13:54:17,/blog,user_216,17.9,Mobile,404,Email
2024-06-30 13:56:53,/api/search,user_52,176.6,Desktop,200,Facebook
2024-06-30 14:14:37,/produits/detail,user_89,14.7,Tablet,200,Direct
2024-06-30 14:24:27,/aide,user_254,21.7,Desktop,500,Google
2024-06-30 14:29:50,/aide,user_197,57.3,Mobile,404,Google
2024-06-30 14:44:35,/blog,user_79,173.8,Desktop,301,Facebook
2024-06-30 15:07:07,/contact,user_272,93.9,Mobile,200,Autre
2024-06-30 17:07:30,/panier,user_3,218.3,Mobile,200,Direct
2024-06-30 17:17:18,/blog,user_225,36.1,Desktop,200,Email
2024-06-30 18:15:33,/produits/detail,user_152,52.1,Desktop,301,Direct
2024-06-30 18:20:00,/contact,user_35,23.8,Desktop,200,Email
2024-06-30 19:35:02,/,user_38,2.3,Desktop,500,Facebook
2024-06-30 19:47:14,/produits,user_187,73.1,Desktop,404,Direct
2024-06-30 20:27:57,/produits,user_230,18.4,Desktop,200,Twitter
2024-06-30 20:36:39,/blog,user_299,8.4,Desktop,301,Autre
2024-06-30 20:46:15,/contact,user_263,97.3,Mobile,500,Direct
2024-06-30 20:54:02,/compte,user_225,26.3,Mobile,200,LinkedIn
2024-06-30 21:03:04,/blog/article,user_26,33.5,Desktop,200,Email
2024-06-30 21:06:16,/contact,user_97,53.8,Desktop,200,Direct
2024-06-30 21:12:21,/blog,user_141,3.7,Desktop,200,LinkedIn
2024-06-30 21:19:38,/aide,user_210,33.6,Desktop,301,Email
2024-06-30 21:37:55,/panier,user_268,8.6,Mobile,200,Facebook
2024-06-30 21:44:57,/aide,user_231,12.2,Tablet,500,Twitter
2024-06-30 22:09:40,/blog/article,user_117,16.4,Desktop,200,LinkedIn
2024-06-30 22:24:19,/blog,user_295,59.1,Mobile,500,Autre
2024-06-30 22:40:10,/,user_260,39.2,Desktop,200,Autre
2024-06-30 22:53:06,/,user_107,24.6,Mobile,301,Facebook
2024-06-30 23:02:30,/produits,user_222,1.0,Desktop,200,Autre
2024-06-30 23:23:37,/produits,user_80,151.7,Mobile,500,LinkedIn
2024-06-30 23:26:56,/,user_229,18.9,Desktop,500,Direct
2024-06-30 23:45:40,/,user_199,71.3,Desktop,301,Facebook
